category	question	answer
삼성계정 	 삼성계정에 대한 문의는 어디로 하나요? 	 삼성 서비스 이용을 위한 회원가입/로그인 등 삼성계정 관련 문의는 ☎ 1588-3366으로 문의하시기 바랍니다.
삼성계정 	 삼성계정(Samsung Account)이란? 	 삼성계정(Samsung Account)은 하나의 계정을 통해 Samsung Apps, Find My Mobile, 그리고 다양한 삼성 Mobile/TV/Web 기반의 삼성 서비스를 방문/이용할 수 있도록 제공되는 통합 계정 서비스이며, 삼성계정(Samsung Account)을 기반으로 하는 다른 서비스들을 추가 가입 절차 없이 즐기실 수 있습니다. 삼성닷컴 이용 외 다른서비스에 대한 자세한 사항은 삼성계정 홈페이지([https://account.samsung.com/](https://account.samsung.com/))를 방문하셔서 확인하시기 바랍니다.
삼성계정 	 삼성계정에 가입한 ID(E-mail)를 찾고 싶어요. 	 삼성계정을 찾기 위해서는 로그인 페이지의 'ID 찾기 및 비밀번호 재설정' 링크를 통해 찾을 수 있습니다. 1. 링크를 선택하여 열리는 삼성계정 페이지에서 'ID 찾기' 탭을 선택합니다. 2. 'ID 찾기' 화면에서 성, 이름, 생년월일을 입력합니다. 3. 'ID 찾기' 버튼을 선택하면 가입하실 때 입력하신 삼성계정의 ID(E-mail)를 확인할 수 있습니다.
회원가입/탈퇴 	 삼성닷컴 회원가입 시 혜택이 있나요? 	 삼성닷컴의 회원이 되시면 상품 구매 시 3% 할인과 구매 금액에 따라 삼성전자 포인트 적립 혜택을 드립니다. (단, 휴대폰/태블릿/기어 및 일부 제품은 회원 3% 할인 제외) 또한 상품 결제 시 쿠폰과 이벤트 코드 및 삼성전자 포인트 사용이 가능합니다.
회원가입/탈퇴 	 삼성닷컴의 회원가입은 어떻게 하나요? 	 삼성닷컴의 회원은 삼성계정 가입하여 ID와 PASSWORD를 만듭니다. 회원가입 방법은 삼성닷컴에서 로그인 > 회원가입 바로가기를 통해 삼성계정 회원가입에서 개인정보 제공, 본인 인증, 이용약관 동의 등의 절차를 거쳐 ID와 PASSWORD를 생성합니다.
회원가입/탈퇴 	 삼성계정의 ID는 무엇인가요? 	 삼성계정에 가입하실 때 입력하신 E-mail 주소, 또는 전화번호로 가입하신 경우에는 전화번호가 삼성계정의 ID로 활용됩니다.
회원가입/탈퇴 	 회원가입에 연령 제한이 있나요? 	 삼성닷컴 회원가입은 삼성전자 멤버십 혜택 제공을 위해 만 14세 이상으로 제한됩니다.
회원가입/탈퇴 	 인증 E-mail을 받지 못했어요.인증 E-mail을 다시 받고 싶어요. 	 삼성계정에서 보내드린 인증 E-mail이 수신함에 없다면, 스팸E-mail 함에 있는지 먼저 확인을 부탁드립니다. 받은 E-mail 함, 스팸E-mail 함에서도 인증 E-mail을 찾으실 수 없다면,아래 알려드리는 방법으로 인증 E-mail을 다시 받으실 수 있습니다. 1. 스마트폰, 태블릿에서 재전송 기능 삼성계정 로그인 페이지에서 로그인을 하시면, 인증되지 않은 계정인 경우 재전송 링크('인증 E-mail을 다시 받고 싶으시면, 여기를 탭 하세요' 혹은 '인증 E-mail을 찾을 수 없습니까?')를 누르실 수 있습니다. 2. PC 웹사이트에서 재전송 기능 삼성계정 사이트([https://account.samsung.com](https://account.samsung.com))에서 가입하신 계정으로 로그인을 하시면, 인증되지 않은 계정인 경우 '재전송' 버튼을 누르실 수 있습니다.
회원가입/탈퇴 	 E-mail 인증이 성공적으로 되었는지 확인하고 싶어요. 	 E-mail 인증이 성공적으로 완료되었는지 확인하고 싶으시면, 가입하신 E-mail과 비밀번호로 로그인을 시도해 보세요. 로그인이 되어 서비스를 이용할 수 있는 계정은 E-mail 인증이 성공적으로 완료된 계정입니다. 인증을 완료했는데도 계정을 정상적으로 이용할 수 없는 경우에는 ☎ 1588-3366로 문의하시기 바랍니다.
회원가입/탈퇴 	 인증 E-mail을 여러 개 받았어요. 	 인증 E-mail을 여러 개 받으신 경우, 가장 나중에 받으신 E-mail이 유효한 인증 E-mail입니다.
회원가입/탈퇴 	 E-mail 인증이란 무엇인가요? 	 삼성계정은 E-mail 주소의 주인 이외의 다른 이용자가 E-mail 주소를 사용하여 삼성계정에 가입할 수 없도록 'E-mail 인증'을 시행하고 있습니다. 가입 시 입력한 E-mail 주소로 보내진 인증 링크를 클릭한 삼성계정만 서비스를 이용할 수 있도록 하고 있습니다.
회원가입/탈퇴 	 한 사람이 여러 개의 E-mail 주소로 가입할 수 있나요? 	 여러 개의 E-mail 주소로 각각 다른 삼성계정을 만드실 수 있습니다. 그러나 각 E-mail 주소는 서로 다른 계정으로 간주됩니다. 따라서 회원정보, 서비스 이용 내역, 다운로드 내역, 컨텐츠 구매 내역 등이 계정에 따라 별도로 관리됩니다.
회원가입/탈퇴 	 삼성계정에서 E-mail 주소를 입력받는 이유는 무엇인가요? 	 입력하신 E-mail 주소는 삼성계정에 로그인하실 때 ID로 사용됩니다. 입력하신 E-mail 주소로 회원가입 인증 메일이 발송되며, 비밀번호 변경을 요청하신 경우 비밀번호 변경 메일도 해당 메일로 받아보실 수 있습니다.
회원가입/탈퇴 	 기존에 삼성계정에서 이용 중이던 E-mail 주소를 삼성계정에서 탈퇴한 후에, 동일한 E-mail 주소로 재가입이 가능한가요? 	 삼성계정을 탈퇴한 후 동일한 E-mail 주소로 삼성계정에 재가입이 가능합니다. 다만, 계정 탈퇴 시에는 사용자의 모든 정보를 일정기간 별도 보관 후 삭제하기 때문에, 동일한 E-mail 주소로 재가입을 하시더라도 새로운 식별코드가 부여된 신규 가입자로 간주되어 탈퇴 전의 구매내역, 다운로드 내역, 회원정보 등 기존 정보는 복구되지 않습니다.
회원가입/탈퇴 	 회원탈퇴 시 유의해야 하는점이 무엇인가요? 	 회원에서 탈퇴하면 삼성계정으로 가입된 모든 서비스에서 일괄 탈퇴되며 이에 따라 서비스 이용 내역, 다운로드 내역, 구매 내역, 멤버십 등급 및 포인트, 쿠폰 등이 모두 삭제됩니다. 단, 상품평, 댓글 등 회원이 작성한 컨텐츠는 삼성닷컴에서 삭제되지 않습니다. 진행중인 주문, 교환, 반품이 있거나 미수금이 남아 있는 경우 탈퇴가 제한될 수 있습니다.
회원가입/탈퇴 	 탈퇴는 어디에서 할 수 있나요? 	 회원탈퇴는 삼성계정 사이트([https://account.samsung.com/](https://account.samsung.com/))에 로그인하신 후에 프로필 > 계정 탈퇴클릭 > 비밀번호 재입력 > 동의 > '확인' 버튼을 클릭하여 탈퇴할 수 있습니다. 삼성계정으로 이용 중이던 삼성 서비스는 삼성계정 사이트([https://account.samsung.com/](https://account.samsung.com/) )의 '서비스' 메뉴에서 확인하실 수 있습니다. 만약 위 절차를 거쳐도 탈퇴가 되지 않는 경우는 ☎ 1588-3366으로 문의하시기 바랍니다.
회원정보 조회/변경 	 비밀번호는 어떻게 변경하나요? 	 삼성닷컴에 로그인 후 마이페이지 > 회원정보 > 나의 정보에서 '회원 정보' 영역을 클릭 시 삼성계정 사이트 로그인 후 비밀번호 변경 페이지로 이동하여 변경하거나 삼성계정 사이트([https://account.samsung.com/](https://account.samsung.com/))를 직접 방문하여 변경하실 수 있습니다.
회원정보 조회/변경 	 비밀번호가 기억나지 않아요. 비밀번호를 찾고 싶어요. 	 비밀번호를 잊은 경우 삼성닷컴 로그인 페이지의 'ID 찾기 및 비밀번호 재설정' 링크를 통해 삼성계정 사이트로 이동하여 비밀번호 변경 E-mail을 받으실 수 있습니다. 1. 링크를 선택하여 열리는 삼성계정 페이지에서 '비밀번호 재설정' 탭을 선택하세요. 2. 비밀번호 재설정 화면에서 가입하실 때 입력하셨던 ID(E-mail 주소 또는 전화번호 ID 가입자인 경우 전화번호)를 입력하세요. '다음' 버튼을 누르면 휴대폰 인증, E-mail 인증 중에서 선택이 가능합니다. [휴대폰 인증] 휴대폰 인증 선택 시 '본인 인증' 페이지로 이동 > 필수사항 입력, 약관 동의 후 '인증요청' 버튼 클릭 > 'SMS인증' 페이지로 이동 후 휴대폰에 발송된 인증번호 입력 후 '인증' 버튼 클릭 > '비밀번호 재설정' 페이지로 이동하여 비밀번호 재설정 [E-mail 인증] E-mail 인증 선택 후 '계속' 버튼을 클릭 시 비밀번호 재설정을 위한 E-mail 전송 > 수신된 E-mail 안내에 따라 비밀번호 재설정 가능 만약 E-mail을 받지 못하셨다면, 스팸 E-mail함을 확인해주세요. 만약 가입하실 때 입력하신 E-mail 주소가 현재 사용중인 E-mail 주소가 아니거나, 기타 사유로 비밀번호 변경 E-mail을 받지 못하시는 경우에는 ☎ 1588-3366로 문의하시기 바랍니다.
회원정보 조회/변경 	 내 회원정보는 어떻게 변경할 수 있나요? 	 마이페이지 > 회원정보 > 배송지 관리 메뉴에서 배송지를 추가/변경하실 수 있으며, 회원의 개인정보에 대한 수정은 삼성계정 사이트([https://account.samsung.com/](https://account.samsung.com/))에서 변경이 가능합니다.
회원정보 조회/변경 	 내 회원정보는 어디서 찾을 수 있나요? 	 나의 정보는 삼성닷컴에 로그인 후 마이페이지 > 회원정보 > 나의 정보에서 '회원 정보' 영역을 클릭시 삼성계정 사이트 로그인 후 삼성계정의 가입 정보를 확인하실 수 있습니다. 이외에 배송지 주소는 마이페이지 > 회원정보 > 배송지 관리 메뉴에서 확인하실 수 있습니다.
삼성전자 멤버십 	 삼성전자 멤버십이란? 	 삼성전자 멤버십은 삼성전자 고객을 위한 멤버십 프로그램으로, 삼성전자 멤버십 회원이 되시면 포인트 적립, 사용 및 이벤트 참여 기회까지 다양한 혜택을 누리실 수 있습니다. 또한, 구매 실적에 따라 로열블루, 프레스티지 등급으로 선정 시 프리미엄 혜택을 받으실 수 있습니다. 삼성전자 멤버십 신규 가입은 삼성계정 가입 시 자동으로 가입 처리되며, 기존 삼성계정 회원은 신규 약관에 동의 및 본인인증하시면 멤버십 가입으로 처리됩니다. 삼성전자 멤버십 대상 지정매장은 삼성닷컴, 전국 삼성스토어, 이마트 및 홈플러스 내 삼성전자 매장 등이며, 일부 매장에서는 혜택의 범위 및 종류가 제한될 수 있습니다.
삼성전자 멤버십 	 삼성전자 멤버십 회원등급이 있나요? 	 삼성전자 멤버십의 등급은 일반과 프리미엄 등급(로열블루, 프레스티지)로 구분됩니다. 삼성전자 멤버십에 가입한 회원은 누구나 일반회원이며, 프리미엄 등급은 삼성전자가 정하는 기준에 의해 정해집니다. 프리미엄 등급 기준 및 혜택은 삼성닷컴 홈페이지 내 나의 멤버십 탭 메뉴에서 자세히 확인하실 수 있습니다. 프리미엄 등급 기준은 삼성전자의 사정에 따라 사전 고지 없이 변경될 수 있습니다.
삼성전자 멤버십 	 삼성전자 멤버십 회원은 누구나 가입할 수 있나요? 	 만 14세 이상 고객은 멤버십 회원으로 가입하실 수 있습니다. (단, 본인 명의의 휴대폰인증, 아이핀/마이핀 등 실명인증이 되지 않는 고객은 제외)
삼성전자 멤버십 	 외국인이나 법인도 삼성전자 멤버십 회원에 가입할 수 있나요? 	 외국인 이용자의 경우 외국인등록증 (외국인이 3개월 이상 국내에 체류할 경우 사전에 신청해서 발급), 국내거소신고증(외국국적의 동포가 국내에 체류할 경우 발급)을 통해 본인 명의 휴대폰 개통을 하신 경우 가입 가능합니다. (단, 타인명의 휴대폰 및 선불폰 제외) 법인등록번호 또는 사업자등록번호로 가입은 불가능합니다.
삼성전자 멤버십 	 삼성전자 멤버십 가입은 무료인가요? 	 별도의 가입비는 필요치 않습니다.
삼성전자 멤버십 	 삼성전자 멤버십 회원 정보 조회/변경은 어떻게 해야 하나요? 	 삼성닷컴 홈페이지에 로그인 후 마이페이지 > 회원정보 > 나의 정보 내 멤버십 정보 확인 버튼을 눌러 변경 하실 수 있습니다. APP의 경우 로그인 후 우측 상단의 [회원정보] 메뉴에서 변경할 수 있으며, 삼성전자 콜센터(1588-3366)를 통해서도 변경하실 수 있습니다.
삼성전자 멤버십 	 삼성전자 멤버십 회원탈퇴는 어떻게 하나요? 	 삼성전자 멤버십 고객은 삼성닷컴 홈페이지 및 삼성전자 멤버십 콜센터(1588-3366)를 통해서 탈회할 수 있습니다. 단, 삼성카드의 제휴선불카드 및 제휴신용카드 보유 고객은 삼성카드 콜센터(1588-8700)를 통해 제휴선불카드 및 제휴신용카드를 먼저 해지해 주셔야만 회원 탈회가 가능합니다. 고객님께서 가입하신 삼성어카운트의 모든 계정 탈회 시에도 삼성전자 멤버십 탈회됩니다. 회원을 탈회하는 경우 구매이력, 등급 및 보유 포인트 등 모든 멤버십 혜택이 소멸되고 관련된 모든 홈페이지와 지정 매장에서 혜택 및 서비스 이용을 받을 수 없으니 신중히 고려하시기 바랍니다.
삼성전자 멤버십 	 삼성전자 멤버십 탈퇴 후, 재가입 할 수 있나요? 	 네, 재가입할 수 있습니다. 하지만 탈회로 인해 소멸된 멤버십 포인트 및 각종 혜택은 다시 복원되지 않습니다.
삼성전자 멤버십 	 삼성전자 멤버십에 회원가입하려고 했는데 [이미 등록된 회원입니다.] 라는 메시지가 뜹니다. 어떻게 해야하나요? 	 본인이 가입한 내역이 없으나, 등록된 상태로 확인이 된다면 멤버십 콜센터 ☎ 1588-3366 로 문의해 주시기 바랍니다.
삼성전자 멤버십 	 삼성전자 멤버십 가입 시 이름과 주민등록번호가 일치하지 않는다고 합니다. 왜 그럴까요? 	 삼성전자 멤버십은 반드시 실명으로 가입하셔야 하며, 본인이 실명임에도 불구하고 일치하지 않는 경우는 실명확인 서비스를 제공하는 신용평가업체에 회원님의 성명 또는 개인정보가 잘못 등록되어 있을 가능성이 높습니다. 따라서, 한국신용평가정보에서 실명으로 등록내용을 확인/수정하셔야 합니다.(Tel: 1600-1522 Fax : 02-3771-4818)
삼성계정 	 삼성계정에 대한 문의는 어디로 하나요? 	 삼성 서비스 이용을 위한 회원가입/로그인 등 삼성계정 관련 문의는 ☎ 1588-3366으로 문의하시기 바랍니다.
삼성계정 	 삼성계정(Samsung Account)이란? 	 삼성계정(Samsung Account)은 하나의 계정을 통해 Samsung Apps, Find My Mobile, 그리고 다양한 삼성 Mobile/TV/Web 기반의 삼성 서비스를 방문/이용할 수 있도록 제공되는 통합 계정 서비스이며, 삼성계정(Samsung Account)을 기반으로 하는 다른 서비스들을 추가 가입 절차 없이 즐기실 수 있습니다. 삼성닷컴 이용 외 다른서비스에 대한 자세한 사항은 삼성계정 홈페이지([https://account.samsung.com/](https://account.samsung.com/))를 방문하셔서 확인하시기 바랍니다.
삼성계정 	 삼성계정에 가입한 ID(E-mail)를 찾고 싶어요. 	 삼성계정을 찾기 위해서는 로그인 페이지의 'ID 찾기 및 비밀번호 재설정' 링크를 통해 찾을 수 있습니다. 1. 링크를 선택하여 열리는 삼성계정 페이지에서 'ID 찾기' 탭을 선택합니다. 2. 'ID 찾기' 화면에서 성, 이름, 생년월일을 입력합니다. 3. 'ID 찾기' 버튼을 선택하면 가입하실 때 입력하신 삼성계정의 ID(E-mail)를 확인할 수 있습니다.
회원가입/탈퇴 	 삼성닷컴 회원가입 시 혜택이 있나요? 	 삼성닷컴의 회원이 되시면 상품 구매 시 3% 할인과 구매 금액에 따라 삼성전자 포인트 적립 혜택을 드립니다. (단, 휴대폰/태블릿/기어 및 일부 제품은 회원 3% 할인 제외) 또한 상품 결제 시 쿠폰과 이벤트 코드 및 삼성전자 포인트 사용이 가능합니다.
회원가입/탈퇴 	 삼성닷컴의 회원가입은 어떻게 하나요? 	 삼성닷컴의 회원은 삼성계정 가입하여 ID와 PASSWORD를 만듭니다. 회원가입 방법은 삼성닷컴에서 로그인 > 회원가입 바로가기를 통해 삼성계정 회원가입에서 개인정보 제공, 본인 인증, 이용약관 동의 등의 절차를 거쳐 ID와 PASSWORD를 생성합니다.
회원가입/탈퇴 	 삼성계정의 ID는 무엇인가요? 	 삼성계정에 가입하실 때 입력하신 E-mail 주소, 또는 전화번호로 가입하신 경우에는 전화번호가 삼성계정의 ID로 활용됩니다.
회원가입/탈퇴 	 회원가입에 연령 제한이 있나요? 	 삼성닷컴 회원가입은 삼성전자 멤버십 혜택 제공을 위해 만 14세 이상으로 제한됩니다.
회원가입/탈퇴 	 인증 E-mail을 받지 못했어요.인증 E-mail을 다시 받고 싶어요. 	 삼성계정에서 보내드린 인증 E-mail이 수신함에 없다면, 스팸E-mail 함에 있는지 먼저 확인을 부탁드립니다. 받은 E-mail 함, 스팸E-mail 함에서도 인증 E-mail을 찾으실 수 없다면,아래 알려드리는 방법으로 인증 E-mail을 다시 받으실 수 있습니다. 1. 스마트폰, 태블릿에서 재전송 기능 삼성계정 로그인 페이지에서 로그인을 하시면, 인증되지 않은 계정인 경우 재전송 링크('인증 E-mail을 다시 받고 싶으시면, 여기를 탭 하세요' 혹은 '인증 E-mail을 찾을 수 없습니까?')를 누르실 수 있습니다. 2. PC 웹사이트에서 재전송 기능 삼성계정 사이트([https://account.samsung.com](https://account.samsung.com))에서 가입하신 계정으로 로그인을 하시면, 인증되지 않은 계정인 경우 '재전송' 버튼을 누르실 수 있습니다.
회원가입/탈퇴 	 E-mail 인증이 성공적으로 되었는지 확인하고 싶어요. 	 E-mail 인증이 성공적으로 완료되었는지 확인하고 싶으시면, 가입하신 E-mail과 비밀번호로 로그인을 시도해 보세요. 로그인이 되어 서비스를 이용할 수 있는 계정은 E-mail 인증이 성공적으로 완료된 계정입니다. 인증을 완료했는데도 계정을 정상적으로 이용할 수 없는 경우에는 ☎ 1588-3366로 문의하시기 바랍니다.
회원가입/탈퇴 	 인증 E-mail을 여러 개 받았어요. 	 인증 E-mail을 여러 개 받으신 경우, 가장 나중에 받으신 E-mail이 유효한 인증 E-mail입니다.
회원가입/탈퇴 	 E-mail 인증이란 무엇인가요? 	 삼성계정은 E-mail 주소의 주인 이외의 다른 이용자가 E-mail 주소를 사용하여 삼성계정에 가입할 수 없도록 'E-mail 인증'을 시행하고 있습니다. 가입 시 입력한 E-mail 주소로 보내진 인증 링크를 클릭한 삼성계정만 서비스를 이용할 수 있도록 하고 있습니다.
회원가입/탈퇴 	 한 사람이 여러 개의 E-mail 주소로 가입할 수 있나요? 	 여러 개의 E-mail 주소로 각각 다른 삼성계정을 만드실 수 있습니다. 그러나 각 E-mail 주소는 서로 다른 계정으로 간주됩니다. 따라서 회원정보, 서비스 이용 내역, 다운로드 내역, 컨텐츠 구매 내역 등이 계정에 따라 별도로 관리됩니다.
회원가입/탈퇴 	 삼성계정에서 E-mail 주소를 입력받는 이유는 무엇인가요? 	 입력하신 E-mail 주소는 삼성계정에 로그인하실 때 ID로 사용됩니다. 입력하신 E-mail 주소로 회원가입 인증 메일이 발송되며, 비밀번호 변경을 요청하신 경우 비밀번호 변경 메일도 해당 메일로 받아보실 수 있습니다.
회원가입/탈퇴 	 기존에 삼성계정에서 이용 중이던 E-mail 주소를 삼성계정에서 탈퇴한 후에, 동일한 E-mail 주소로 재가입이 가능한가요? 	 삼성계정을 탈퇴한 후 동일한 E-mail 주소로 삼성계정에 재가입이 가능합니다. 다만, 계정 탈퇴 시에는 사용자의 모든 정보를 일정기간 별도 보관 후 삭제하기 때문에, 동일한 E-mail 주소로 재가입을 하시더라도 새로운 식별코드가 부여된 신규 가입자로 간주되어 탈퇴 전의 구매내역, 다운로드 내역, 회원정보 등 기존 정보는 복구되지 않습니다.
회원가입/탈퇴 	 회원탈퇴 시 유의해야 하는점이 무엇인가요? 	 회원에서 탈퇴하면 삼성계정으로 가입된 모든 서비스에서 일괄 탈퇴되며 이에 따라 서비스 이용 내역, 다운로드 내역, 구매 내역, 멤버십 등급 및 포인트, 쿠폰 등이 모두 삭제됩니다. 단, 상품평, 댓글 등 회원이 작성한 컨텐츠는 삼성닷컴에서 삭제되지 않습니다. 진행중인 주문, 교환, 반품이 있거나 미수금이 남아 있는 경우 탈퇴가 제한될 수 있습니다.
회원가입/탈퇴 	 탈퇴는 어디에서 할 수 있나요? 	 회원탈퇴는 삼성계정 사이트([https://account.samsung.com/](https://account.samsung.com/))에 로그인하신 후에 프로필 > 계정 탈퇴클릭 > 비밀번호 재입력 > 동의 > '확인' 버튼을 클릭하여 탈퇴할 수 있습니다. 삼성계정으로 이용 중이던 삼성 서비스는 삼성계정 사이트([https://account.samsung.com/](https://account.samsung.com/) )의 '서비스' 메뉴에서 확인하실 수 있습니다. 만약 위 절차를 거쳐도 탈퇴가 되지 않는 경우는 ☎ 1588-3366으로 문의하시기 바랍니다.
회원정보 조회/변경 	 비밀번호는 어떻게 변경하나요? 	 삼성닷컴에 로그인 후 마이페이지 > 회원정보 > 나의 정보에서 '회원 정보' 영역을 클릭 시 삼성계정 사이트 로그인 후 비밀번호 변경 페이지로 이동하여 변경하거나 삼성계정 사이트([https://account.samsung.com/](https://account.samsung.com/))를 직접 방문하여 변경하실 수 있습니다.
회원정보 조회/변경 	 비밀번호가 기억나지 않아요. 비밀번호를 찾고 싶어요. 	 비밀번호를 잊은 경우 삼성닷컴 로그인 페이지의 'ID 찾기 및 비밀번호 재설정' 링크를 통해 삼성계정 사이트로 이동하여 비밀번호 변경 E-mail을 받으실 수 있습니다. 1. 링크를 선택하여 열리는 삼성계정 페이지에서 '비밀번호 재설정' 탭을 선택하세요. 2. 비밀번호 재설정 화면에서 가입하실 때 입력하셨던 ID(E-mail 주소 또는 전화번호 ID 가입자인 경우 전화번호)를 입력하세요. '다음' 버튼을 누르면 휴대폰 인증, E-mail 인증 중에서 선택이 가능합니다. [휴대폰 인증] 휴대폰 인증 선택 시 '본인 인증' 페이지로 이동 > 필수사항 입력, 약관 동의 후 '인증요청' 버튼 클릭 > 'SMS인증' 페이지로 이동 후 휴대폰에 발송된 인증번호 입력 후 '인증' 버튼 클릭 > '비밀번호 재설정' 페이지로 이동하여 비밀번호 재설정 [E-mail 인증] E-mail 인증 선택 후 '계속' 버튼을 클릭 시 비밀번호 재설정을 위한 E-mail 전송 > 수신된 E-mail 안내에 따라 비밀번호 재설정 가능 만약 E-mail을 받지 못하셨다면, 스팸 E-mail함을 확인해주세요. 만약 가입하실 때 입력하신 E-mail 주소가 현재 사용중인 E-mail 주소가 아니거나, 기타 사유로 비밀번호 변경 E-mail을 받지 못하시는 경우에는 ☎ 1588-3366로 문의하시기 바랍니다.
회원정보 조회/변경 	 내 회원정보는 어떻게 변경할 수 있나요? 	 마이페이지 > 회원정보 > 배송지 관리 메뉴에서 배송지를 추가/변경하실 수 있으며, 회원의 개인정보에 대한 수정은 삼성계정 사이트([https://account.samsung.com/](https://account.samsung.com/))에서 변경이 가능합니다.
회원정보 조회/변경 	 내 회원정보는 어디서 찾을 수 있나요? 	 나의 정보는 삼성닷컴에 로그인 후 마이페이지 > 회원정보 > 나의 정보에서 '회원 정보' 영역을 클릭시 삼성계정 사이트 로그인 후 삼성계정의 가입 정보를 확인하실 수 있습니다. 이외에 배송지 주소는 마이페이지 > 회원정보 > 배송지 관리 메뉴에서 확인하실 수 있습니다.
삼성전자 멤버십 	 삼성전자 멤버십이란? 	 삼성전자 멤버십은 삼성전자 고객을 위한 멤버십 프로그램으로, 삼성전자 멤버십 회원이 되시면 포인트 적립, 사용 및 이벤트 참여 기회까지 다양한 혜택을 누리실 수 있습니다. 또한, 구매 실적에 따라 로열블루, 프레스티지 등급으로 선정 시 프리미엄 혜택을 받으실 수 있습니다. 삼성전자 멤버십 신규 가입은 삼성계정 가입 시 자동으로 가입 처리되며, 기존 삼성계정 회원은 신규 약관에 동의 및 본인인증하시면 멤버십 가입으로 처리됩니다. 삼성전자 멤버십 대상 지정매장은 삼성닷컴, 전국 삼성스토어, 이마트 및 홈플러스 내 삼성전자 매장 등이며, 일부 매장에서는 혜택의 범위 및 종류가 제한될 수 있습니다.
삼성전자 멤버십 	 삼성전자 멤버십 회원등급이 있나요? 	 삼성전자 멤버십의 등급은 일반과 프리미엄 등급(로열블루, 프레스티지)로 구분됩니다. 삼성전자 멤버십에 가입한 회원은 누구나 일반회원이며, 프리미엄 등급은 삼성전자가 정하는 기준에 의해 정해집니다. 프리미엄 등급 기준 및 혜택은 삼성닷컴 홈페이지 내 나의 멤버십 탭 메뉴에서 자세히 확인하실 수 있습니다. 프리미엄 등급 기준은 삼성전자의 사정에 따라 사전 고지 없이 변경될 수 있습니다.
삼성전자 멤버십 	 삼성전자 멤버십 회원은 누구나 가입할 수 있나요? 	 만 14세 이상 고객은 멤버십 회원으로 가입하실 수 있습니다. (단, 본인 명의의 휴대폰인증, 아이핀/마이핀 등 실명인증이 되지 않는 고객은 제외)
삼성전자 멤버십 	 외국인이나 법인도 삼성전자 멤버십 회원에 가입할 수 있나요? 	 외국인 이용자의 경우 외국인등록증 (외국인이 3개월 이상 국내에 체류할 경우 사전에 신청해서 발급), 국내거소신고증(외국국적의 동포가 국내에 체류할 경우 발급)을 통해 본인 명의 휴대폰 개통을 하신 경우 가입 가능합니다. (단, 타인명의 휴대폰 및 선불폰 제외) 법인등록번호 또는 사업자등록번호로 가입은 불가능합니다.
삼성전자 멤버십 	 삼성전자 멤버십 가입은 무료인가요? 	 별도의 가입비는 필요치 않습니다.
삼성전자 멤버십 	 삼성전자 멤버십 회원 정보 조회/변경은 어떻게 해야 하나요? 	 삼성닷컴 홈페이지에 로그인 후 마이페이지 > 회원정보 > 나의 정보 내 멤버십 정보 확인 버튼을 눌러 변경 하실 수 있습니다. APP의 경우 로그인 후 우측 상단의 [회원정보] 메뉴에서 변경할 수 있으며, 삼성전자 콜센터(1588-3366)를 통해서도 변경하실 수 있습니다.
삼성전자 멤버십 	 삼성전자 멤버십 회원탈퇴는 어떻게 하나요? 	 삼성전자 멤버십 고객은 삼성닷컴 홈페이지 및 삼성전자 멤버십 콜센터(1588-3366)를 통해서 탈회할 수 있습니다. 단, 삼성카드의 제휴선불카드 및 제휴신용카드 보유 고객은 삼성카드 콜센터(1588-8700)를 통해 제휴선불카드 및 제휴신용카드를 먼저 해지해 주셔야만 회원 탈회가 가능합니다. 고객님께서 가입하신 삼성어카운트의 모든 계정 탈회 시에도 삼성전자 멤버십 탈회됩니다. 회원을 탈회하는 경우 구매이력, 등급 및 보유 포인트 등 모든 멤버십 혜택이 소멸되고 관련된 모든 홈페이지와 지정 매장에서 혜택 및 서비스 이용을 받을 수 없으니 신중히 고려하시기 바랍니다.
삼성전자 멤버십 	 삼성전자 멤버십 탈퇴 후, 재가입 할 수 있나요? 	 네, 재가입할 수 있습니다. 하지만 탈회로 인해 소멸된 멤버십 포인트 및 각종 혜택은 다시 복원되지 않습니다.
삼성전자 멤버십 	 삼성전자 멤버십에 회원가입하려고 했는데 [이미 등록된 회원입니다.] 라는 메시지가 뜹니다. 어떻게 해야하나요? 	 본인이 가입한 내역이 없으나, 등록된 상태로 확인이 된다면 멤버십 콜센터 ☎ 1588-3366 로 문의해 주시기 바랍니다.
삼성전자 멤버십 	 삼성전자 멤버십 가입 시 이름과 주민등록번호가 일치하지 않는다고 합니다. 왜 그럴까요? 	 삼성전자 멤버십은 반드시 실명으로 가입하셔야 하며, 본인이 실명임에도 불구하고 일치하지 않는 경우는 실명확인 서비스를 제공하는 신용평가업체에 회원님의 성명 또는 개인정보가 잘못 등록되어 있을 가능성이 높습니다. 따라서, 한국신용평가정보에서 실명으로 등록내용을 확인/수정하셔야 합니다.(Tel: 1600-1522 Fax : 02-3771-4818)
삼성전자 멤버십 	 삼성전자 멤버십 회원정보와 관련된 피해를 입었을 경우엔 어떻게 하나요? 	 회원 정보와 관련된 피해를 입었을 경우는 멤버십 콜센터 ☎ 1588-3366 로 문의바랍니다. 삼성전자는 회원 정보 보호를 위해, 외부 전문기관을 통한 실명인증과 본인인증, 데이터의 암호화 등을 적용하고 있으며, 지속적으로 정보 보호 강화에 노력하겠습니다.
삼성전자 멤버십 	 삼성전자 포인트란? 	 삼성전자 포인트는 삼성전자 멤버십 회원에게 제공되는 포인트로, 상품 구매, 활동 등 지급 조건을 충족할 경우 적립됩니다. 적립된 포인트는 삼성닷컴에서 대상 상품 구매 시 현금처럼 사용할 수 있습니다. \* 삼성전자 포인트는 삼성계정 가입 후 본인인증을 완료하신 고객님만 적립 및 사용 가능합니다. [내 계정정보 확인하기](https://account.samsung.com/membership/contents/profile/profile-gate)
삼성전자 멤버십 	 삼성닷컴에서 상품을 구매했어요. 삼성전자 포인트는 언제 적립되나요? 	 삼성전자 포인트는 결제 및 배송완료일로부터 최대 7일 후에 포인트가 적립됩니다. 단, 구매 경로/정책/제품에 따라 포인트의 적립 일정은 다를 수 있습니다. \* 삼성전자 포인트는 삼성계정 가입 후 본인인증을 완료하신 고객님만 적립 및 사용 가능합니다. [내 계정정보 확인하기](https://account.samsung.com/membership/contents/profile/profile-gate) 제품구매/포인트 적립 시점 이후에도 거래내역/적립내역이 보이지 않는다면,멤버십 콜센터 ☎ 1588-3366 에 문의해 주시면 안내해 드리도록 하겠습니다.
삼성전자 멤버십 	 삼성전자 포인트는 어떻게 사용하나요? 	 보유 중인 삼성전자 포인트는 결제 화면에서 조회하실 수 있으며, 1포인트 이상부터 1포인트 단위로 현금처럼 사용할 수 있습니다. (1포인트=1원) OK캐쉬백 합산 사용 동의 고객의 경우, 합산사용 가능 사용처에서 OK캐쉬백 포인트와 합산하여 5,000포인트 이상부터 사용 가능합니다. 단, 삼성전자 포인트는 다음의 경우 사용이 불가합니다. - 모바일 쿠폰을 사용하는 경우 (단, 일부 사용처에 따라 사용 단위는 상이할 수 있습니다.) 삼성갤럭시스토어에서 콘텐츠 구매 시에는 1포인트 이상부터 1포인트 단위로 사용 가능합니다. 자동 결제 상품은 삼성전자 포인트로 결제 불가합니다.
삼성전자 멤버십 	 삼성전자 포인트의 유효기간은 어떻게 되나요? 	 삼성전자 포인트의 유효기간은 적립일로부터 3년입니다. 단, 일부 포인트에 한해 유효기간이 상이할 수 있습니다.
삼성전자 멤버십 	 포인트 잔액과 적립/사용 내역은 어디에서 확인할 수 있나요? 	 삼성전자 포인트의 잔액은 결제 화면에서 조회하실 수 있으며, 포인트의 조회 및 자세한 이용 내역은 삼성닷컴 홈페이지([https://www.samsung.com/sec/](https://www.samsung.com/sec/)) 마이페이지 >회원정보 > 나의 정보 > 멤버십 포인트 탭에서 확인 가능합니다.
삼성전자 멤버십 	 구매 후 적립된 포인트가 적립 예정 포인트와 달라요. 삼성전자 포인트의 적립기준이 어떻게 되나요? 	 적립 예정 포인트는 회원의 등급과 적립한도를 고려하지 않은 기본 포인트로, 회원의 멤버십 등급과 등급별 최대 적립 한도에 따라 실제 적립 포인트와 상이할 수 있습니다. 적립 예정 포인트는 크게 삼성전자 멤버십 포인트, 모델별 포인트, 금액대별 포인트로 구분되며 각 포인트별 적립 기준은 다음과 같습니다. [삼성전자 멤버십 포인트] 회원 구매 시 결제 금액의 0.1% 기본 적립 (월 적립한도 6만 포인트) + 멤버십 등급에 따라 추가 포인트 적립 - 프레스티지 : 1% 추가 포인트 적립 (2년 적립한도 8만 포인트) - 로열블루 : 2% 추가 포인트 적립 (2년 적립한도 20만 포인트) [모델별 포인트] 상품에 따라 추가 모델별 포인트 적립 (기간에 따라 지급 포인트 상이)
삼성전자 멤버십 	 삼성전자 멤버십 포인트로 구매한 제품금액에 대해서도 포인트 적립 가능한가요? 	 삼성전자 멤버십 포인트를 사용하여 구매가 일어난 제품금액에 대해서도 포인트는 적립됩니다.
삼성전자 멤버십 	 삼성전자 멤버십 포인트 사용에 대한 현금영수증 발행이 가능한가요? 	 삼성전자 멤버십 포인트 사용 분에 대해서는 현금영수증 발행은 불가합니다.
삼성전자 멤버십 	 삼성전자 멤버십 포인트를 제품구매에 사용한 이후에 제품구매를 취소할 때 포인트는 어떻게 되나요? 	 포인트는 사용취소처리가 되어 복원됩니다. 단, 제품구매 취소 프로세스가 진행되는 시간은 감안해 주시길 바랍니다.
삼성전자 멤버십 	 오늘 제품구매를 하면서 포인트 적립을 받았는데, 집에 와서 멤버십 홈페이지를 확인해보니 조회가 되지 않습니다. 	 삼성전자 멤버십 포인트는 결제 및 배송완료일로부터 최대 7일 후에 포인트가 적립되며, 대상 제품 및 적립 조건에 따라 적립 시점은 달라질 수 있습니다. 제품 구매/포인트 적립 시점 이후에도 거래내역/적립내역이 보이지 않는다면, 멤버십 콜센터☎ 1588-3366 에 문의해 주시면 안내해 드리도록 하겠습니다.
삼성전자 멤버십 	 삼성전자 멤버십 포인트 1일 적립 및 사용 횟수 제한이 있나요? 	 포인트 적립 및 사용 횟수에 제한은 없습니다.
삼성전자 멤버십 	 삼성전자 멤버십 포인트 적립/사용현황을 확인할 수 있나요? 	 네, 삼성닷컴 홈페이지 및 앱과 멤버십 콜센터☎ 1588-3366 을 통하여 확인 가능합니다.
삼성전자 멤버십 	 삼성전자 멤버십 포인트는 탈퇴시 어떻게 되나요? 	 삼성전자 멤버십 탈회시, 모든 포인트는 소멸되며, 재 가입시에도 복원되지 않습니다.
삼성전자 멤버십 	 제품 구매 시 포인트 적립을 받고 그 이후 제품 구매를 취소 할 경우 포인트도 취소 되나요? 	 제품구매 시 포인트 적립 후 해당 제품을 취소했을 경우, 적립받으신 포인트도 적립 취소가 됩니다. 
* 삼성전자 멤버십 	 삼성전자 OK캐쉬백 합산 제휴 포인트 사용 안내 	 삼성전자 OK캐쉬백 제휴카드를 발급받은 경우 삼성전자 포인트와 OK캐쉬백 포인트가 합산되어 보유중인 포인트에 표시됩니다. 합산된 포인트는 1포인트 이상부터 사용 가능하며 삼성전자 멤버십 제휴처와 OK캐쉬백 가맹점에서 모두 사용할 수 있습니다. (1포인트=1원, 단, 일부 OK캐쉬백 가맹점 사용 및 현금 환급 제외) 단, OK캐쉬백포인트 최저 기준에 따라 삼성전자 가맹점: 고객이 보유한 가용 OK캐쉬백 포인트가 10포인트 이상일 경우 합산사용 가능 OK캐쉬백 온라인 제휴가맹점 및 OK캐쉬백서비스 홈페이지: 고객이 보유한 가용 OK캐쉬백 포인트가 1포인트 이상일 경우 합산사용 가능 OK캐쉬백 오프라인 제휴가맹점 및 SK 주유소/충전소: 고객이 보유한 가용 OK캐쉬백 포인트가 1,000포인트 이상일 경우 합산사용 가능
삼성전자 멤버십 	 구매 당시 삼성전자 포인트 적립을 요청 및 진행하지 못했습니다. 나중에 요청하면 적립받을 수 있나요? 	 구매 시점에 미리 멤버십에 가입되어 있고, 멤버십 가입여부 확인을 위한 로그인, 인증 등이 진행되어야 합니다.
삼성전자 멤버십 	 삼성전자 멤버십 카드 발급 시 필요한 서류가 있나요? 	 별도의 신청서류는 필요하지 않습니다. 단, 핸드폰인증/아이핀인증/마이핀 인증을 통한 본인인증 절차가 필요합니다.
삼성전자 멤버십 	 삼성전자 멤버십 카드 발급 제한사항이 있나요? 	 삼성전자 멤버십 카드는 만 14세 이상 누구나 발급 가능합니다.
삼성전자 멤버십 	 삼성전자 멤버십 카드 분실신청은 어떻게 하나요? 	 카드를 분실하셨을 경우, 멤버십 콜센터(1588-3366), 또는 삼성닷컴 홈페이지 (마이페이지 > 회원정보 > 나의 정보 > 멤버십 카드 탭 > 카드 분실 신고)를 통해 분실 신고해주세요. 분실 신고하지 않은 카드로 인한 회원의 손해는 책임지지 않습니다.
삼성전자 멤버십 	 삼성전자 멤버십 카드는 몇 장까지 소지 가능한가요? 	 삼성전자 멤버십 카드는 일반멤버십카드, 제휴신용카드 각 1장 보유 가능하며, 종류가 다르거나 카드타입이 다른 일반멤버십카드끼리는 중복하여 소지하실 수 있습니다. 예1) 일반 삼성전자멤버십카드 발급 후, OK캐쉬백 제휴 멤버십카드를 추가 발급 시 → 2장 모두 사용 가능 예2) 플라스틱 삼성전자멤버십카드 발급 후, App을 통해 모바일 멤버십카드 추가 발급 시 → 2장 모두 사용 가능
삼성전자 멤버십 	 삼성전자 멤버십 카드 재발급 시 기존 거래이력/포인트는 옮겨지나요? 	 네, 옮겨집니다. 기존 거래이력 및 보유 포인트는 개인식별값 기준으로 통합하여 관리됩니다.
삼성전자 멤버십 	 카드를 분실했다가 찾았습니다. 분실신고를 취소할 수 있나요? 	 죄송합니다. 분실신고는 취소하실 수 없습니다. 가까운 삼성전자 멤버십 대상 매장에서 새 카드를 재발급 받으셔서 사용하셔야 합니다. 
제품상세문의 	 오프라인 매장에서 본 상품을 삼성닷컴에서 검색할 수 있나요? 	 오프라인 매장의 모든 상품이 삼성닷컴에 구비되어 있지는 않습니다. 좀 더 상세한 검색을 위해서는 검색창에서 키워드 및 모델명을 입력하여 검색하실 수 있습니다.
제품상세문의 	 상품의 판매상태는 어디에서 확인할 수 있나요? 	 각각의 상품 페이지에서 구매가능한 상품인지, 품절인지 확인가능합니다. (단 iOS 삼성닷컴 앱에서는 스마트폰/태블릿/워치를 제외한 상품 확인가능합니다)
제품상세문의 	 상품정보가 잘못되어 있어요. 	 잘못 표시된 정보는 고객센터(☎1588-6084) 또는 이메일 문의 메뉴를 통해 알려주시면 빠른 시간내에 수정하도록 하겠습니다.
제품상세문의 	 똑같은 상품인데 다른 쇼핑몰과 가격이 달라요~ 	 삼성닷컴은 최상의 품질과 서비스로 만족을 드리기위해 노력하고 있습니다. 품목별로 경쟁력있는 상품을 만들기 위해 늘 노력하고 있으나, 여러가지 구성품/사은품/무이자/적립금등의 다양한 혜택과 조건으로 인해 타 쇼핑몰과 가격의 차이가 발생할 수 있습니다. 이점 양해 바라며, 좋은 상품과 가격으로 고객님들께 서비스하기 위해 더욱 노력하겠습니다.
제품상세문의 	 제품 보증정보는 어디서 확인할 수 있나요? 	 제품 보증정보는 삼성닷컴 사이트내 제품 보증정보 페이지를 참고하시기 바랍니다. ([https://www.samsung.com/sec/support/warranty/](https://www.samsung.com/sec/support/warranty/))
제품상세문의 	 오프라인 삼성전자 매장을 검색하려면 어떻게 해야 하나요? 	 오프라인 매장 검색은 삼성닷컴 사이트 상단의 디지털프라자 > 매장 찾기 선택 후 검색하실 수 있습니다.
제품상세문의 	 제품의 매뉴얼, 드라이버, 펌웨어, 소프트웨어 등 지원정보는 어디서 확인할 수 있나요? 	 제품별 지원정보는 삼성닷컴 사이트 상단의 고객서비스 > 제품 지원 > 매뉴얼&다운로드 메뉴에서 확인하실 수 있습니다. ([https://www.samsung.com/sec/support](https://www.samsung.com/sec/support))
쿠폰/이벤트코드 	 쿠폰과 이벤트 코드 사용 방법이 어떻게 되나요? 	 삼성닷컴에서 주문 시, 장바구니에서 쿠폰 또는 이벤트 코드를 사용하여 할인 혜택을 받으실 수 있습니다. <장바구니 쿠폰 사용방법> 상품 선택 후 주문/결제로 이동 > 주문상품 옆 '상품쿠폰을 선택하세요' 영역에서 보유하신 쿠폰 선택하시거나, '쿠폰 번호등록' 기능을 통해 쿠폰을 등록하신 후 결제 <이벤트 코드 사용방법> 상품 선택 후 장바구니로 이동 > 이벤트 코드를 직접 입력 후 '사용' 버튼 클릭 > 주문정보 확인 후 결제 < 쿠폰/이벤트 코드 사용 시 유의사항 > - 쿠폰과 이벤트 코드는 삼성닷컴 회원의 경우만 사용 가능합니다. - 쿠폰과 이벤트 코드는 회원 3% 할인 적용 된 금액 기준으로 쿠폰/이벤트 혜택이 적용됩니다. - 쿠폰과 이벤트 코드는 유효기간 내에 각 계정(삼성 어카운트 계정)별로 주문당 1회 사용할 수 있습니다. - 이벤트 코드를 입력 후 정상적으로 결제가 완료되지 않은 경우 해당 이벤트 코드의 재사용은 30분 이후에 가능합니다. - 사용하지 않은 쿠폰/이벤트 코드는 현금으로 교환될 수 없습니다.
쿠폰/이벤트코드 	 실수로 쿠폰/할인 코드를 적용 하지 않고 상품을 구매했습니다. 추후 적용 반영이 가능한가요? 	 상품 주문 시점에 쿠폰이나 할인 코드를 적용하지 않은 경우, 추후 적용은 불가합니다. 고객님께서 직접 기존에 주문하신 건을 취소하시고 재주문 해주셔야 쿠폰과 할인 코드 적용이 가능합니다.
쿠폰/이벤트코드 	 쿠폰과 할인 코드가 사용된 주문을 취소 또는 반품 시 사용한 쿠폰을 다시 사용할 수 있나요? 	 쿠폰이나 할인 코드를 적용한 주문건을 취소 또는 반품한 경우, 쿠폰과 할인 코드는 유효기간이 남아있다면 재사용이 가능합니다. 유효기간이 경과한 쿠폰과 할인 코드는 사용하실 수 없습니다.
쿠폰/이벤트코드 	 쿠폰과 할인 코드 등 고객혜택수단 적용 순서가 어떻게 되나요? 	 삼성닷컴의 회원으로 가입하시면 3%의 할인혜택을 적용해드립니다. (단, 휴대폰/태블릿/웨어러블 및 일부 제품은 회원 3% 할인 제외) 쿠폰과 할인 코드는 이 회원가를 기준으로 적용됩니다.
쿠폰/이벤트코드 	 쿠폰과 할인 코드의 대상 고객은 어떻게 되나요? 	 쿠폰과 할인 코드는 모두 삼성닷컴 회원에 한하여 사용이 가능합니다.
쿠폰/이벤트코드 	 쿠폰과 할인 코드의 유효기간이 있나요? 	 쿠폰과 할인 코드별로 유효기간이 상이합니다. 장바구니에 상품을 담은 후 쿠폰을 조회 또는 할인 코드를 직접 입력하여 쿠폰과 할인 코드의 사용 가능 여부를 확인하실 수 있으며, 상품 구매 시 감사의 의미로 증정된 감사쿠폰은 유효기간 시작일 오전 9시부터 사용 가능합니다.
쿠폰/이벤트코드 	 내가 갖고 있는 쿠폰은 어디서 확인 가능한가요? 	 보유하신 쿠폰은 마이페이지 > 쿠폰존 > 보유쿠폰 메뉴에서 확인가능합니다. 장바구니에서 조회되는 쿠폰은 보유 중인 쿠폰 중 현재 구매 상품에 적용 가능한 쿠폰만 조회됩니다.
쿠폰/이벤트코드 	 결제 시 이벤트 코드를 입력하니 사용할 수 없는 코드라고 나와요. 	 유효기간이 경과하였거나 이벤트 코드를 잘못 입력한 경우, 이벤트 코드가 적용되지 않습니다. 또한 이벤트 코드를 입력 후 정상적으로 결제가 완료되지 않은 경우 해당 이벤트 코드의 재사용은 30분 이후에 가능합니다. 
* 쿠폰/이벤트코드 	 이벤트 추첨은 어떻게 진행되나요? 	 삼성닷컴의 모든 이벤트는 컴퓨터 프로그램을 통해 공정하게 추첨됩니다. 또한, 비정상적인 방법으로 중복 응모 등의 정황이 확인될 경우, 추첨 대상에서 배제되며 당첨이 확정된 경우라도 당첨 사실이 취소될 수 있습니다.
쿠폰/이벤트코드 	 이벤트 경품 당첨에도 유효기간이 있나요? 	 경품의 가격에 따라 유효기간이 다릅니다. 5만원 이하 경품은 일반적으로 당첨 발표 이후 2주 전후로 고객님에게 발송됩니다. 5만원을 초과하는 경품은 고객님께서 제세공과금을 입금한 이후 지급되므로 삼성닷컴에서 고객님께 먼저 연락을 드리게 됩니다. 부재, 연락 두절 등으로 당첨자 발표 이후 30일이 경과하였을 경우 당첨이 취소됩니다.
쿠폰/이벤트코드 	 이벤트에서 신청한 사은품이 품질 불량인 경우 어떻게 하나요? 	 배송받은 사은품이 불량일 경우, 고객센터(☎1588-6084)로 문의하시면 양호한 사은품으로 변경 가능합니다.
쿠폰/이벤트코드 	 상품 사은품, 주문 금액대별 사은품 변경이 가능한가요? 	 상품 사은품이나 주문금액대별 사은품은 색상이나 사양이 변경 불가합니다. (단, 불량일 경우, 고객센터(☎1588-6084)를 통해 교환 가능)
쿠폰/이벤트코드 	 이벤트에서 신청한 경품에 대하여 색상 등 교환이 가능한가요? 	 이벤트 당첨으로 받게된 경품은 색상이나 사양이 변경 불가합니다. (단, 불량일 경우, 고객센터(☎1588-6084)를 통해 교환 가능) 
결제문의 	 삼성닷컴에서 사용할 수 있는 결제수단은 무엇인가요? 	 삼성닷컴에서는 아래 결제수단으로 상품을 구매하실 수 있습니다. 이외에도 모바일 쿠폰 및 삼성전자 포인트를 사용하여 구매가능합니다. 1) 신용카드 결제 2) 간편결제(SAMSUNG Pay, SSGPAY, kakaopay, L.pay)
결제문의 	 신용카드로 결제했는데, 다른 결제수단으로 바꾸고 싶어요. 	 삼성닷컴에서 주문 후 결제수단을 변경할 수 없습니다. 결제수단 변경을 원하실 경우에는 주문취소 후 원하시는 결제수단으로 재주문하시기 바랍니다. ※ 주문취소 불가시 고객센터(☎1588-6084) 또는 1:1문의을 통해 문의하시기 바랍니다.
결제문의 	 법인 카드는 할부가 되지 않나요? 	 법인카드는 할부결제가 되지 않으니, 일시불로 결제해 주시기 바랍니다.
결제문의 	 주문 후 신용카드 할부 개월수 변경이 가능한가요? 	 삼성닷컴에서는 주문 후 신용카드 할부 개월수를 변경할 수 없습니다. 해당 카드사로 문의해 주세요.
결제문의 	 신용카드와 현금 복합결제가 가능한가요? 	 현재 삼성닷컴에서는 '삼성전자 포인트'+ 타 결제수단의 복합결제만 가능합니다.
주문문의 	 삼성닷컴에서 주문은 어떻게 하나요? 	 1. 구매하고자 하는 상품을 선택한 후 상품정보 페이지에 있는 '장바구니' 버튼을 선택합니다. 2. 장바구니에 상품을 담은 후 쇼핑을 계속 할 수 있으며, 쇼핑이 끝나면 장바구니 화면에서 '구매하기' 버튼을 선택합니다. 3. 배송 정보 입력, 결제 정보 입력 및 확인 후 정상적으로 주문이 완료되었을 경우 주문완료 메시지를 확인하실 수 있습니다. 4. 특정 상품을 단독으로 구매하실 경우에는 '바로구매' 버튼을 클릭하여 주문하시기 바랍니다.
주문문의 	 비회원도 주문할 수 있나요? 	 삼성닷컴의 회원이 아닌 고객님께서는 비회원 주문을 통해 상품을 구매하실 수 있습니다. 1. 구매하고자 하는 상품을 선택한 후 상품정보 페이지에 있는 '장바구니' 버튼을 선택하거나, '바로구매' 버튼을 선택합니다. 2. 장바구니에 상품을 담은 후 쇼핑을 계속 할 수 있으며, 쇼핑이 끝나면 장바구니 화면에서 '구매하기' 버튼을 선택합니다. 3. 비회원 약관에 동의 > 본인인증 진행(I-PIN, 휴대폰) 4. 배송 정보 입력, 결제 정보 입력 및 확인 후 정상적으로 주문이 완료되었을 경우 주문완료 메시지를 확인하실 수 있습니다. 5. 주문번호와 함께 주문 확인을 위한 E-mail이 발송됩니다. 비회원 주문 시 일부 상품 등은 주문이 불가할 수 있으며, 이벤트 코드 및 할인쿠폰 등의 혜택은 제외됩니다.
주문문의 	 장바구니란 무엇인가요? 	 장바구니는 오프라인 매장에서 이용하시는 장바구니 또는 카트와 같이 쇼핑 중 원하시는 상품을 담아놓는 기능으로 구매를 원하시는 상품을 장바구니에 모아 한 번에 함께 주문할 수 있습니다. 단종, 판매종료 및 보유상품 부족으로 구매가 불가능한 상품이 담긴 장바구니에서는 이를 제외하고 주문이 가능합니다. 한정판매/패키지 상품은 장바구니에 담을 수 없으므로, 이런 경우에는 장바구니에 담긴 상품을 삭제하시거나, 각 상품 상세정보 페이지에서 '바로구매'를 클릭하여 개별적으로 구매하시기 바랍니다.
주문문의 	 장바구니에 담은 상품들이 사라졌어요. 보관 기간이 어떻게 되나요? 	 회원 장바구니는 최대 15일간 상품을 보관하며, 기간 경과 시 자동 삭제됩니다.
주문문의 	 전화로도 주문이 가능한가요? 	 삼성닷컴에서는 고객센터를 통한 전화주문은 불가합니다.
주문문의 	 주문 후 주문내역을 변경할 수 있나요? 	 삼성닷컴에서 상품 주문이 완료된 후에는 주문 정보를 변경하실 수 없습니다. 주문 정보 변경이 필요하신 경우에는 주문을 취소 후 재주문 하시거나 고객센터(☎1588-6084)로 문의하시기 바랍니다.
주문문의 	 주문번호는 어떻게 확인할 수 있나요? 	 <회원> 주문/결제완료 후 E-mail 및 휴대폰으로 주문번호가 전송됩니다. 또한 삼성닷컴 회원의 경우 로그인 후 마이페이지 > 나의 쇼핑 > 주문/배송 조회에서 주문번호를 확인 할 수 있습니다. <비회원> 주문/결제완료 후 E-mail 및 휴대폰으로 주문번호가 전송됩니다. 고객님의 E-mail 또는 휴대폰에서 확인 가능합니다.
주문문의 	 주문/배송상태 확인을 어떻게 하나요? 	 삼성닷컴 회원의 경우 로그인 후 마이페이지 > 나의 쇼핑 > 주문/배송 조회에서 배송상태 조회가 가능합니다. 비회원의 경우 상단의 마이페이지 아이콘 > 주문/배송 조회 메뉴를 클릭 후, 비회원 주문/배송 조회를 선택하여 주문번호와 E-mail을 입력 후 배송상태를 확인 할 수 있습니다.
증빙서류 	 신용카드 영수증을 증빙서류로 사용할 수 있나요? 	 신용카드 영수증(거래증빙서류)은 인감이 날인된 세금계산서와 동일하게 거래 및 결제의 증빙자료로 사용되오니, 삭제하지 마시고 5년간 보관하시기 바랍니다.
증빙서류 	 신용카드 영수증(거래증빙서류)은 어디에서 확인할 수 있나요? 	 삼성닷컴에서 신용카드로 결제하신 영수증은 아래의 2가지 방법으로 확인 가능합니다. [결제확인 이메일 본문 확인] 신용카드 영수증은 상품 주문 시 이메일로 전송되며, 메일 본문에서 영수증 확인 및 출력 가능합니다. 1. 삼성닷컴 주문 시, 입력하신 메일함 접속 2. KG 이니시스에서 전송받으신 '결제확인' 이메일 확인 [신용카드로 결제한 경우] 3. [신용카드 매출전표] 버튼 클릭 4. 매출전표에서 [프린트] 버튼 클릭 [가상계좌로 결제한 경우] 3. [세금계산서 신청] 버튼 클릭 4. 구매자 정보 입력 후 확인 5. 매출전표에서 [프린트] 버튼 클릭 [삼성닷컴 주문상세 페이지 확인] 삼성닷컴 주문/배송 조회 페이지에서 영수증 확인 및 출력 가능합니다. 주문/배송 조회 페이지 바로가기> 1. 삼성닷컴 마이페이지 > 나의 쇼핑 > 주문/배송 조회 페이지 접속 2. 주문번호를 클릭하여 주문 상세 이동 [신용카드로 결제한 경우] 3. [신용카드 매출전표] 버튼 클릭 4. 매출전표에서 [프린트] 버튼 클릭 [가상계좌로 결제한 경우] 3. [세금계산서 신청] 버튼 클릭 4. 구매자 정보 입력 후 확인 5. 매출전표에서 [프린트] 버튼 클릭 ※ 전송받으신 이메일을 삭제하신 경우 고객센터(☎1588-6084)로 문의하시기 바랍니다. ※ 결제 금액 전액을 포인트로 결제하신 경우 신용카드 실결제 금액이 없으므로 삼성닷컴에서 영수증 출력이 불가능합니다. 단, 거래명세서 발급은 가능하므로 발급을 원하시는 경우 고객센터(☎1588-6084)로 문의하시기 바랍니다. 
배송문의 	 주문상품은 어떻게 배송되나요? 	 삼성전자 물류 전문업체를 통해 고객님께 직접 배송해 드립니다. 단, 배송방법을 매장픽업으로 선택하신 경우, 선택하신 픽업매장에서 직접 수령 할 수 있습니다. 필수 설치 품목은 반드시 설치 전문가가 직접 설치, 시운전 후 이상 여부를 점검하고 있습니다. 미설치 단순 수령이 불가한 제품이오니, 고객님의 사정으로 미설치 시 배송 보류 또는 반품될 수 있습니다. \* 필수 설치 품목 : TV 138cm 이상, 양문형 냉장고, 비스포크 냉장고, 스탠드형 김치냉장고, 세탁기 7kg 이상, 건조기, 에어드레서
배송문의 	 배송가능한 지역은 어떻게 되나요? 	 전국 모든 지역의 배송이 가능합니다. 단, 도서지역과 울릉도는 배송/설치가 제한되며 내용은 아래와 같습니다. 1. 차도선이 운영되는 도서지역은 7대 제품 'TV, 홈씨어터, 세탁기, 냉장고, 김치냉장고, 에어컨, IT제품(PC/모니터/프린터)' 외에는 설치가 불가능하며, 배송/설치 일자는 요청일 보다 15일 이상 지연될 수 있습니다. ※ 82cm 미만 TV/모니터, 노트북은 배송기사에게 요청하시는 경우에만 설치 가능합니다. ※ 138cm 이상 TV, 양문형 냉장고, 비스포크 냉장고, 스탠드형 김치냉장고, 세탁기 7kg 이상, 건조기, 에어드레서의 경우 설치 전문가의 직접 설치 및 시운전이 반드시 필요한 필수 설치 품목 입니다. 단, 차도선이 운영되지 않는 도서지역은 설치가 불가능합니다. 이 경우 택배로 배송이 가능하며, 배송된 제품은 구매자께서 직접 설치하셔야 합니다. ※ 도서지역 기준 : 승선 후 섬까지 소요시간 15분 초과 또는 선박 운항회수가 일5회 이하 섬 지역 2. 울릉도는 모든 제품의 설치가 불가능하며, 제품 구매시 도선료 외 일체 배송비는 고객부담입니다. 또한, 배송된 제품은 구매자께서 직접 설치하셔야 합니다. 3. 도서지역 및 울릉도에서 제품 구매시 사전에 고객센터(1588-6084)통해 배송/설치 가능여부 확인 부탁드립니다.
배송문의 	 매장픽업 주문에 대해 알고 싶어요. 	 매장픽업은 삼성닷컴에서 주문, 결제 후에 최단 2시간 이후에 고객님께서 지정하신 전국 삼성전자 매장(디지털프라자, 모바일스토어)에서 주문하신 상품을 수령 할 수 있는 서비스입니다. 매장픽업은 - 전자제품을 온라인에서 주문하시고, 매장에서 당일 수령 할 수 있습니다. - 주문상품을 주문고객이 직접 수령하실 수도, 수령인을 따로 지정하실 수도 있습니다. 매장픽업은 이렇게 활용하시면 매우 편리합니다. - 온라인 쇼핑으로 간편하게 구매하시고, 구매하신 상품을 구매 당일 바로 찾아 사용하실 수 있습니다. - 여행 시 사용하실 상품을 집이나 직장에서 구매하시고, 여행지에서 바로 찾아 사용하실 수 있습니다. - 해외여행 가실 때, 집이나 직장에서 주문하시고 공항 인근에서 주문 상품을 찾아가실 수 있습니다. - 부모님께 선물하실 때, 주문고객께서는 삼성닷컴에서 간편하게 주문/결제하고, 부모님은 매장에서 상품을 찾아가시면서 매장직원에게 사용 설명을 받으실 수 있습니다. - 택배 수령이 어려운 경우, 온라인으로 주문하고 인근 매장에서 직접 수령 할 수 있습니다. (매장 영업시간 내 방문) - 삼성닷컴 쿠폰으로 저렴하게 구매하시고, 인근 매장에서 상품을 빠르게 수령 할 수 있습니다. <매장픽업 주문 절차> 1. 매장픽업 플래그가 적용된 상품의 상세 화면에서 배송방법으로 ‘매장픽업’을 선택 2. 상품을 수령할 픽업매장을 선택한 후 주문/결제 3. 매장픽업 주문접수 안내 메시지 수신 4. 방문수령코드 및 매장조회코드가 포함된 주문접수 완료 안내 메시지 수신 5. 해당 매장으로 상품 준비 여부 확인 및 상품 픽업시간 예약 6. 방문수령코드/매장조회코드가 기재된 방문수령증을 지참하고 해당 매장을 방문하여 상품 수령 ※ 매장픽업 유의사항 - 삼성닷컴 회원만 매장픽업 서비스를 이용하여 주문 가능합니다. - 매장픽업 플래그가 적용되어 있는 상품만 매장픽업 서비스가 가능하며, 재고가 있는 매장만 상품 픽업 매장으로 선택 가능합니다. - 매장픽업 주문 후 2주 이내 수령하지 않으시면 주문이 취소될 수 있습니다.
배송문의 	 매장픽업 주문 후에 상품 수령은 언제까지 해야 하나요? 	 매장픽업은 주문 당일이나 다음날 상품을 빠르게 찾아갈 수 있도록 하는 서비스입니다. 하지만 바로 상품 인수가 어려우신 경우, 지정하신 매장에 방문 예정일을 말씀해 주시면 주문 이후 5일간은 주문상품을 매장에서 보관해 드립니다. 매장픽업 주문 후 2주 이내 수령하지 않으시면 주문이 취소될 수 있습니다.
배송문의 	 매장픽업으로 주문한 상품을 수령하기 위해 매장 방문 시 필요한 정보는 무엇인가요? 	 삼성닷컴에서 주문/결제 완료 > 방문수령코드 및 매장조회코드가 포함된 주문 접수 완료 안내 메시지 수신 > 상품 픽업 매장에 해당 상품 보유 여부를 확인 후 방문하시면 수령 가능합니다. 상품 픽업 매장 전화번호는 방문수령증에 표기되어 있습니다. 방문수령증을 지참한 후 픽업 매장에 방문하여야 상품 수령이 가능합니다. 방문수령증은 주문 완료 후 출력 가능하며, 문자나 e-mail로도 받을 수 있습니다. 상품 수령인을 주문자와 다르게 지정하신 경우에는 수령인의 핸드폰과 e-mail로 발송됩니다. 문자나 e-mail로 방문수령증을 받으신 경우, 픽업 매장에서 핸드폰이나 모바일 기기로 확인 가능합니다. 주문상품을 대리인이 수령하고자 할 경우, 주문시 반드시 방문하실 고객의 인적사항을 수령인 정보에 입력해야 합니다. 고가상품의 경우 픽업 매장에서 수령인 신분 확인이 필요합니다.
배송문의 	 해외에서도 상품을 배송 받을 수 있나요? 	 삼성닷컴에서 구매하신 상품은 국내에 한해 배송이 가능하며, 해외배송서비스는 제공되지 않습니다.
배송문의 	 휴일 배송은 안되나요? 	 토요일은 배송이 가능하나, 일요일 및 공휴일은 배송이 어렵습니다.
배송문의 	 주문한 상품이 언제쯤 배송되나요? 	 일반적으로 주문결제 후 1~2일 이내 상품을 받으실 수 있습니다. 산간/도서지역은 배송일이 추가적으로 소요될 수 있으며, 명절 및 폭우, 폭설 등 천재지변의 경우에도 다소 지연될 수 있습니다.
배송문의 	 배송지 변경이 가능한가요? 	 주문 완료 후 배송 시작 전까지 마이페이지 > 나의 쇼핑 > 주문/배송 조회 > 주문상세에서 배송지 변경이 가능합니다. 배송이 시작 된 '배송중' 단계 이후에는 배송지 변경이 불가하며, 기타 문의는 고객센터(☎1588-6084)로 문의하시기 바랍니다.
배송문의 	 배송비는 어떻게 되나요? 	 삼성닷컴에서 구매하신 모든 상품은 무료로 배송됩니다. (단, 제주도 등 일부 도서/산간 지역은 별도 배송비가 발생할 수 있으며, 설치상품의 경우 설치 환경 등에 따라 추가 설치비가 발생할 수 있습니다.)
배송확인 	 주문한 상품을 받지 못했는데 배송완료로 확인된 경우는 어떻게 하나요? 	 이메일문의, 고객센터(☎1588-6084)로 문의하시기 바랍니다.
배송확인 	 상품이 파손되었거나 수량이 다르면 어떻게 하나요? 	 배송 완료 후 상품확인 시 상품이 파손되었거나 배송된 상품의 수량이 다를 경우 고객센터(☎1588-6084)로 문의하시기 바랍니다.
배송확인 	 배달설치기사 연락처를 알고 싶습니다. 	 마이페이지 > 나의 쇼핑 > 주문/배송 조회 > 주문상세에서 배송상태 및 배달 설치기사 전화번호 조회가 가능하며, 기타 다른 문의사항은 고객센터(☎1588-6084)로 문의하시기 바랍니다.
배송확인 	 배송 안내 문자는 받을 수 있나요? 	 배송 전일 배송 예정을 알리는 문자를 발송해드리며, 배송지에 도착하기전 배달 설치기사가 연락드립니다. (스팸처리 등으로 인해 문자를 받지 못하는 경우가 있으니 주문내역에서 배송 상황을 확인해주시기 바랍니다.)
배송확인 	 배송비는 어떻게 되나요? 	 삼성닷컴에서 구매하신 모든 상품은 무료로 배송됩니다. (단, 제주도 등 일부 도서/산간 지역은 별도 배송비가 발생할 수 있으며, 설치상품의 경우 설치 환경 등에 따라 추가 설치비가 발생할 수 있습니다.) 
주문취소 	 주문 취소를 했는데 환불은 어떻게 받나요? 	 주문취소 후 환불 소요기간은 다음과 같습니다. 1. 주문취소 시 결제취소는 즉시 접수되나, 결제대행사 사정에 따라 매출 취소 기간이 3~5일 정도 소요됩니다. 2. 쿠폰/이벤트 코드 : 주문 후 주문취소, 반품/환불의 경우 사용하신 쿠폰은 재발행되어 재사용 가능합니다.(단, 쿠폰/이벤트 코드 유효기간 내에만 가능) 3. 피해 보상 규정 : 피해보상기준은 소비자분쟁해결기준(공정거래위원회 제정, 고시)을 적용합니다.
주문취소 	 주문을 취소했는데도 신용카드 결제 취소가 안됐습니다. 어떻게 해야 하나요? 	 카드매출 취소는 즉시 접수되나, 카드사 사정에 따라 매출취소 기간이 3~5일 정도 소요될 수 있습니다. 그리고 각 신용카드사 청구 작업이 끝난 이후에 취소 처리가 된 경우에는 납부 후 다음달 카드 대금에서 상계처리될 수 있습니다. 카드대금 결제일에 따라 청구작업 기간이 다른 점 양지 부탁드리며, 해당 카드사에서 확인 가능합니다.
주문취소 	 주문취소 방법을 알려주세요. 	 삼성닷컴에서 주문하신 내역은 주문상태가 '결제대기', '결제완료', '상품준비중'일 경우에 한하여 취소가 가능합니다. 주문취소는 상품의 배송상태에 따라 즉시 취소 또는 고객센터를 통해 가능합니다. - 마이페이지 > 나의 쇼핑 > 주문/배송 조회에서 '주문취소' 버튼 통해 가능 - 삼성닷컴 사이트에서 취소가 불가능한 경우 이메일 문의 또는 고객센터(☎1588-6084)로 문의하시기 바랍니다.
주문취소 	 자동 취소/재주문이 왜 발생하나요? 	 삼성닷컴은 [후매입] 제도를 시행하고 있어 제품 주문시 결제하신 카드사의 승인만 이루어지며, 배송완료 이후 매입(청구) 신청이 진행되는 제도입니다. 고객님께서 현재 확인하실 수 있는 결제 기록은 승인 처리만 완료된 결제 내역이며, 결제에 사용해주신 카드의 매입기간 초과 7일 전 결제해주신 고객분께 미매입 알림 문자를 발송드리고 있습니다. ※ 삼성/하나카드 87일, 현대카드 27일, 그 외 카드 57일 고객센터에서 주문취소 하루전날(매입기간 초과 4일전)에 연락드릴 예정입니다. 사전 안내드린 매입기간 초과 3일 전13시 30분에 주문이 취소됩니다. 정확한 청구관련문의는 개인정보로 카드명의자분께서 카드사에 문의해주셔야 확인가능하며, 삼성닷컴 고객센터에서 안내가 어려운 점 양해부탁드리겠습니다. 추가문의사항이 있는경우 삼성닷컴 고객센터 1588-6084 로 문의 부탁드립니다.
반품/교환 	 매장픽업 인수 상품의 반품은 어떻게 하나요? 	 1) 반품 기한을 확인해 주세요. 매장 픽업하신 경우 수령 후+7일 (주말 포함) 반품이 가능합니다. 반품 시에는 반드시 직접 방문이나 택배 등을 통해 상품을 반납해 주십시오. 반품 시의 배송비는 고객 부담 입니다. (나의 쇼핑 ▶ 주문/배송조회 ▶ 반품 클릭 (반품 기한이 지난 경우 반품 버튼이 사라집니다.)) 2) 단순 변심 및 사이즈/색상 불만에 관련된 반품 신청은 배송 완료+7일(주말 포함) 이내에 가능합니다. 교환의 경우 (☎ 1588-6084)로 문의하시기 바랍니다.
반품/교환 	 주문상품이 배송된 이후에 교환/환불 방법을 알려주세요. 	 · 반품 : 배송 완료일+7일 (주말 포함)이 내 삼성닷컴에서 반품 신청이 가능합니다. (나의쇼핑 ▶ 주문/배송조회 ▶ 반품 클릭 (반품 기한이 지난 경우 반품 버튼이 사라집니다.)) 단, 모바일 제품의 경우 개통일+14일 이내 가까운 삼성전자 서비스센터 방문하시어 불량 판정서 수령 후 고객센터 (☎ 1588-6084)로 문의하시기 바랍니다. · 교환 : 제품 불량 및 단순 변심으로 인한 7일 이내 교환의 경우 동일 색상, 동일 모델로만 맞교환 처리 진행 가능합니다. 고객센터(☎ 1588-6084)로 문의하시기 바랍니다. · 삼성전자 일부 제품 반품시, 반품 배송비가 부과될 수 있습니다.
반품/교환 	 교환 또는 환불이 불가능한 경우가 있나요? 	 교환 또는 반품이 불가능한 경우는 다음과 같습니다. 1. 고객님의 책임 있는 사유로 상품이 멸실 또는 훼손된 경우 (단, 단순히 상품의 내용을 확인하기 위해 포장 등을 훼손한 경우는 제외) 2. 고객님의 사용으로 상품가치가 현저히 감소된 경우 3. 패키지 상품의 경우 구성상품 일부의 개봉/설치/사용으로 상품가치가 현저히 감소된 경우 (상품 주문 전 호환 가능상품을 반드시 확인 후 주문해주시기 바랍니다.) 4. 시간이 경과되어 재판매가 곤란할 정도로 상품가치가 상실된 경우 5. 복제가 가능한 상품의 경우 그 원본인 상품의 포장이 훼손된 경우 6. 설치완료 상품에 하자가 없는 경우 7. 상품 등의 내용이 표시/광고 내용 및 계약내용과 같고, 별도의 하자가 없음에도 단순변심으로 인한 교환을 요구하는 경우 8. 기타, '전자상거래 등에서의 소비자보호에 관한 법률'등 관계법령이 정하는 교환/반품 제한사유에 해당되는 경우 ※ 자급제 제품의 경우 반품은 상품을 수령하신 날부터 7일 이내, 통신사 개통 이전에만 가능합니다.
반품/교환 	 배달설치기사가 주문상품을 가지고 왔는데 주문상품이 불량입니다. 교환 또는 환불 받으려 하는데 어떡해야 하나요? 	 고객센터(☎1588-6084)로 연락하여 교환 또는 환불을 요청하시면 됩니다. 고객센터 상담원이 동일모델 교환 또는 반품절차를 안내해 드립니다.
반품/교환 	 배달설치기사가 주문상품을 가지고 왔는데 주문상품을 받고 싶지 않습니다. 	 포장Box를 개봉하지 마시고 고객센터(☎1588-6084)로 연락하여 주문상품 반품 신청을 하시면 됩니다. 고객센터 상담원이 해당 주문의 반품 안내를 해드립니다.
반품/교환 	 반품할 상품은 어디로 보내야 하나요? 	 배달설치기사가 배송지에 직접 방문하여 회수합니다.
반품/교환 	 교환/환불이 가능한 기간은 언제까지인가요? 	 단순변심에 의한 상품의 교환ㆍ반품은 실제 상품 등을 수령하신 날부터 7일 이내에 가능합니다. 휴대폰/PC/프린터/태블릿/웨어러블 제품의 교환은 서비스센터에서 발급받은 불량판정서 지참시 배송완료+7일 가능합니다. 단, 상품안내 페이지에 표시된 교환/반품 기간이 7일 보다 긴 경우에는 그 기간을 따릅니다. 수령한 상품 등의 내용이 표시ㆍ광고 내용과 다르거나 오배송 등 계약내용과 다르게 이행된 경우에는 수령하신 날부터 3개월 이내, 그 사실을 안 날 또는 알 수 있었던 날부터 30일 이내에 가능합니다.
반품/교환 	 반품 철회 시의 유의사항 안내 	 반품이 접수되면 해당 주문 건으로 인해 제공되었던 삼성전자 포인트는 차감 처리되며, 반품을 철회하시더라도 차감된 삼성전자 포인트는 다시 적립되지 않습니다. 
PC 문제 해결 	 결제하는데 '플러그인이 설치되지 않았다'는 메시지가 뜹니다. 수동설치를 했는데도 그렇게 나오는데 어떻게 해야 하나요? 	 아래 안내를 따라 실행해 보세요. 1. 지불 버튼이 있는 결제 페이지 상태에서 Ctrl + F5 키를 눌러서 페이지를 갱신 후 결제 시도 (페이지 갱신을 위해 데이터를 다시 보내야 한다는 경고 메시지가 뜨는 경우 '다시 시도' 버튼을 눌러서 페이지를 갱신) 페이지가 비정상적인 로딩으로 오류가 발생한 경우 이 조치로 플러그인이 뜰 수 있습니다. 2. 인터넷 익스플로러의 도구 메뉴에서 인터넷 옵션 메뉴를 실행 3. 일반 탭 > 검색 기록의 '설정' 버튼을 클릭 후 대화상자에서 '저장된 페이지의 새 버전 확인'에 선택되어 있는 값 확인 (일반적으로 자동 설정) 4 '확인하지 않음'으로 되어 있는 경우 '자동으로' 선택한 후 '확인' 버튼을 눌러 페이지를 다시 갱신하도록 한 후 결제 진행
오류 신고 	 오류신고는 어디서 하나요? 	 이메일문의, 고객센터(☎1588-6084)로 문의하시면 신속한 조치로 도움을 드릴 수 있도록 최선을 다해 노력하겠습니다.
고객센터 안내 	 고객센터 전화번호 및 운영시간은 어떻게 되나요? 	 삼성닷컴 고객센터는 아래와 같이 운영됩니다. \* 전화번호 : ☎1588-6084 \* 운영시간 : 평일 09:00 ~ 18:00, 토요일 09:00 ~ 13:00 (일요일, 공휴일 휴무) 전화상담 서비스 시간 외에는 고객서비스 > 제품 지원 > 이메일 상담를 통해 글을 남겨주시면, 빠른시간 내에 답변 드리겠습니다. 
제품 	 가정용 시스템에어컨 FAQ 	"## 가정용 시스템에어컨 FAQ
| DVM-Home 추가 설치비 내역 |||||| 구분 | 항목 | 규격 | 금액 | 상세설명 || - | - | - | - | - || 실외기 | 실외기 받침대 | 1set | 40,000 | 실외기를 실내에 시공할 때 설치장소 ||| (플라스틱 베이스) | | | (실외기실, 베란다 등)의 환기구가 실외기 통풍구 보다 높아 공기순환 ||||| | (열교환)이 원활하지 않을 경우 |||||| 냉방효율 증대를 위해 실외기를 높이고자 사용 (10'~12cm) || | 실외기 받침대 (철재 앵글) | 1단 | 50,000 | '| - 실외기를 실내에 시공할 때 설치장소 ||||| | (실외기실, 베란다 등)의 환기구가 실외기 통풍구 보다 높아 공기순환 |||||| (열교환)이 원활하지 않을 경우 냉방효율 증대를 위해 실외기를 높이고자 사용 (20cm) ||| || 특수제작, 150,000 2단 | - 기존 설치된 실외기 혹은 장애물이 있어 추가 받침대가 필요한 경우 ||| 맞춤제작 에어가이드 ||| 특수제작 '| 150,000 - 실외기 공기순환이 원활하지 않을 경우, 실외기 토출구앞 장애물이 있어 토출 방향을 바꿔주어야 하는 경우 현장별 맞춤 제작 ||| 고소장비 | 고소장비 | 실비 | 필요 시 (실외기 철거, 장비반입 불가 시) (참고) 엘리베이터 사용이 불가하거나 밖에서 작업해야 하는 경우에 해당됨. 아파트는 거의 해당되지 않음. || | 사다리차 사용 | 사다리차 | 실비 | - 필요 시 (크레인/스카이 사다리차 등 |||| 사용 | | 고객부담) (참고) 엘리베이터 사용이 불가하거나 밖에서 작업해야 하는 경우에 해당됨. 아파트는 거의 해당되지 않음. || | 실외기 바람막이 시공 || 실외기팬 40,000 1구당 | 실외기에서 나오는 바람을 막는 장치 ||||| | (건축물의 설비 규칙) 실외에 설치 시 행인에게 실외기 바람이 영향을 끼칠 수 있음 (설치높이 2m 이하인 경우) - (참고) 아파트는 거의 해당되지 않음. 일부 지면과 통행로에 인접한 주택 및 ||| | | | 업장은 가능성 있음. 실외기 토출 바람이 보행자에게 직접적으로 닿는 경우를 방지 하기 위함 || 보양 | 거주중 보양 | 세대당 | 600,000 | - 실내 출입구부터 벽면 및 가구/가전제품 등 집기류에 비닐 작업하여 먼지 유입 방지 (주방은 커튼식 비닐로 보호) 설치 완료 후 비닐 해체, 바닥 보양재 철거 후 청소 마무리 || 도선료 | 도선료 | | 실비 | 화물차량이 도선 가능한 도서산간 지역의 도선료 (숙박비, 경비 발생 시 포함) || 제어기 | 외장형 Wi-Fi Kit | 대딩 || 100,000 - 실내기에 부착되는 와이파이 장치. Wi-Fi ||||| | 非내장형 제품 구매 후 SmartThings 사용시 필요 시스템에어컨 최초 구매 시 Wi-Fi Kit 옵션을 선택한 경우 설치비 무상이나, 옵션 미선택으로 설치한 후 추가 설치 요청 시 대당 설치비 100,000원 발생 Wi-Fi 내장형 제품일지라도 대형 평수의 경우 외장형 Wi-Fi Kit 구매 및 설치 필요할 수 있음 || 배관 | 주배관 길이 | m당 | 25,000 | 아파트 및 집 안에 실외기를 설치하는 오피스텔 / 빌라 / 다세대 / 타운하우스는 추가 발생 비용 없음 (기본 설치비에 포함) |||| | | - 단독주택 및 현관 밖에 (공용 복도, 옥상, 1층 등) 실외기를 설치하는 오피스텔 / 빌라 / 다세대 / 타운하우스는 추가 발생 비용 있음 ||||| | 총 배관 길이가 실내기 합산 기본 배관 길이를 초과 했을 경우 m당 25,000원 발생 (실내기 당 기본 배관 길이 15 m) |||| | | 추가 배관(입상관 + 횡주관) 길이 계산식 : (실외기 '~ 각 실내기까지 주배관 길이 합산)- (실내기 대수 × 15 m) 시공비와 자재비 (전원선, 통신선, 보온재, 냉매 등) 포함 기준 || | 특수배관 (주름관) | m당 | 30,000 | 관로가 굴곡이 심하여 일반 배관으로는 작업이 불가능한 경우 유연한 특수배관을 사용하여 설치 ||| 실외기 배관커버 | m당 | 35,000 | 실외기실 배관 인테리어 마감 (실내, 고객 요청 시, 칼라강판) (실외는 별도) ||| 선배관 작업 | 대당 | 100,000 | - 고객의 사정으로 선/배관만 매립하는 경우, 미리 방문하여 제품을 제외한 에어컨 배관 선시공 인테리어 세대, 구축 아파트, 단독주택, 빌라 등 내부공사/구조변경 (층고가 부적합한 구조)으로 2일 시공이 발생되는 경우, 1일차 선배관 작업 시 |||||| 적용 (천장타공, 분기관 시공비 포함) ex ) 철거 → 선배관 → 목공 인테리어 → 도배 → 에어컨 설치 공정의 단계로 진행할 경우 |||||| ※ 선배관 시공 후 구매 취소 시, 본 추가 설치비 外 투입된 배관 자재 비용 및 설치공임 별도 추가 지불 필수 ||| 선배관 작업 시 천장 내부 철거 | 대당 | 50,000 | 통상 선배관 작업 전 인테리어 업체에서 |||||| 천장 철거작업 진행해야 하나, 철거되지 않은 경우 선배관 작업을 위해 설치팀이 직접 천정 내부 배관 라인 목재, 석고 등 철거작업 진행 || | 배관세정 ||| 세대기준 800,000 - 기존 시스템에어컨의 배관만 재사용 할 때 발생 |||||| (거주중 시공 시) 기존 장비 정상가동 불가 시 배관 세정 || | 분배헤더 | 대당 | 150,000 | 다배관을 단배관으로 변경하는 리뉴얼 모델 설치시 || 옵션 | 데코커버(천고) | 대당 || 100,000 - (거주중 시공 시) 천고가 낮아 실내기가 천장 아래로 노출되는 부분 마감 커버 (몰딩) 필요. ||||| | (참고) 주로 오래된 학교 건물에 해당됨. 아파트는 거의 해당되지 않음 || | 교체 外 실내기 신규 추가시 | 대당 | 200,000 | 설치 이후에 1대 추가로 설치 요청시 필요 ||||| | 단, 실외기 용량이 가능한 경우에 해당) ex) 고객이 설치 완료후 1대 추가 설치할 경우 ||||| | : 매장에서 실내기 1대 + 기본설치비 구매 후 추가설치비 20만원 부담 || | 단내림키트 | 대당 || 100,000 - 천고 높이 18cm 미만인 세대가 단내림 공 사 불가한 경우 활용 가능 ||| 판넬 재설치 | 대당 | 50,000 | - 제품 설치 및 시운전 이후 도배 등 고객의 사정으로 판넬 철거 후 설치팀 재방문하여 판넬 재설치 || 타공 | 추가타공 | 개당 | 20,000 | 실내기당 1개 기준 무상, 추가 타공시 적용 || | 난타공 | 개당 | 30,000 | 30cm 이상 두께의 벽/대리석/옹벽/유리/ 샷시 등의 타공시 적용 || 점검구 | 실내기 점검구 | 개당 | 40,000 | 수리하는 경우에 발생함. 실내기 옆 천장 타공하여 점검하기 위함. 아파트는 Case 거의 없음. 450×450 1개소 기준 (석고 천장 및 인테리어 시) || 사용중인 제품 철거시 | 시스템에어컨 철거비 | 실내기 대딩 | 100,000 | - 기존에 시스템/스탠딩/벽걸이 에어컨을 ||||| | 사용하던 경우, 철거 후 폐기 기준 || | 스탠딩에어컨 | 실내기 | 40,000 | 실내기당(실외기 철거비용 포함) 적용 ||| 철거비 | 대당|| | || 벽걸이에어컨 철거비 | 실내기 대당 | 20,000 | || 전원선 | 배전반까지 전원선 | m당 | 12,000 | - 실내기에서 배전반까지 전원선 구축, |||||| 실외기에서 배전반까지 전원선 구축 비용 |''* 도배비(쪽도배)는 기본 설치비에 포함되어 추가 지불 필요 없습니다. (수입 고급 도배지는 제외)''* 상기 추가 설치비는 기본 시공비 外 별도 추가 작업에 의한 인건비 및 재료비이며, 소비자가 설치 협력사에 직접 지불하여야 합니다. (VAT 포함)"" 단내림 공사는 인테리어 업체를 통해 별도 진행하셔야 합니다. (단내림 키트 제외) ''* 정확한 추가 설치비는 실제 공사 진행 시 확인 가능합니다. (제품 구매 시 안내받은 가격과 다를 수 있습니다.) ''* 해당 추가 설치비는 '23년 3월 버전이며, 향후 업데이트 시 업데이트된 가격으로 지불하셔야 합니다. ''* 상기 外 발생되는 공사 및 비용에 대해서는 시공업체와 사전 협의가 필요합니다전기 공사(차단기/메인전선)는 소비자가 전문 전기 업체에 의뢰하여야 합니다. (고객전원공사) ''* 제어기(유선리모컨/외장형 Wi-Fi kit) 제품 구입은 별도입니다.''*미국냉공조 학회(ASHRAE)기준 ColdDraft가 없는 0.15 m/s 이하의 바람을 무풍(StillAir)으로 정의합니다. ''* SmartThings 기능을 사용하기 위해서는 SmartThings 앱 설치 및 연동, 무선 네트워크 연결이 필요합니다. ''* SmartThings 앱은 Galaxy Store, Play Store 또는 App Store에서 다운로드 받을 수 있습니다. - Android OS 8.0 이상(최소 2 GB RAM 공간), iOS 13,0 이상''* SmartThings 앱은 일부 태블릿 및 단말과 호환되지 않거나 연동 기기, 사용방법에 일부 제한이 있을 수 있습니다. ''* 제품에 따라 SmartThings 기능 지원 여부, 지원환경 및 사양이 다를 수 있습니다.' 앱 업데이트에 따라 지원 가능한 OS 사양, 앱 화면 구성 등은 변경될 수 있습니다.'SmartThings에 연결 가능한 기기 수는 장소(Location)당 최대 200개입니다. 사용자의 네트워크 환경에 따라 최대 연결 가능한 기기 수에 제약이 있을 수 있습니다. (계정당 장소는 최대 10개 사용 가능, 장소별 관리자 (장소 생성자)는 최대 20명(계정 기준) 멤버 초대 가능, 장소당 방은 최대 20개 사용 가능) ''* 카카오톡으로 발송드린 시공계약서 하단에서도 추가설치비표 확인이 가능합니다:selected:# 배송 및 반품, AS 접수 방법# 배송 및 반품 안내판매는 패밀리넷에서, 설치는 삼성전자에서 지정한 전문 설치파트너사에서에서 진행합니다.2 설치 전 반드시 시공 장소와 위치 등을 상의하시고 결정 하셔야 합니다.3 제품 설치 후 위치 변경은 어려우니 신중하게 결정 하시기 바랍니다.4 제품 특성상 설치 이후에는 교환 및 반품이 불가한 상품입니다. 충분하게 고려하시고 제품을 구매하시기 바랍니다.
# AS 접수 방법1 제품에 이상이 있으면 삼성전자 서비스센터(1588-3366)에 서비스 접수를 할 수 있습니다.2 시공 및 설치와 관련한 이상이 있으면 설치업체에서 해결 해드립니다. (2년간 무상하자보수 실시)제품 하자에 대해서는 삼성전자 서비스에서 무상 수리를 실시합니다. (보증기간 2년, 단 가정용 시스템에어컨을 영업용으로 사용 시 1년) 3 단 고객의 귀책 사유로 하자가 발생한 경우에는 무상 수리 대상에서 제외됩니다. 무상 보증 기간 이후 발생한 하자에 대해서는 수리 비용이 발생할 수 있습니다.4 서비스 신청 접수 시 정확한 서비스 일정이 안내됩니다."
제품 	 상업용 시스템에어컨 FAQ \_ 추가 설치비 운영 기준 	## 상업용 시스템에어컨 FAQ _ 추가 설치비 운영 기준| '25年 시스템 에어컨 추가 설치비 운영기준 ||||||| 실외기 | 실외기 받침대 (플라스틱 베이스) | 1set | 개당 | 40,000 | 실외기를 실내에 시공할 때 설치장소(실외기실, 베란다 등)의 환기구가 실외기 통풍구 보다 높아 공기순환(열교환)이 ||| 실외기 받침대 (철재 앵글) | 1단 | 개당 | 50,000 | 원활하지 않을 경우 냉방효율 증대를 위해 실외기를 높이고자 사용 (10'~12cm) |||| 2단 | 개당 | 130,000 | 기존 설치된 실외기 혹은 장애물이 있어 추가 받침대가 필요한 경우 사용 |||||| 맞춤제작 에어가이드 | | | | 실외기 공기순환이 원활하지 않을 경우, 실외기 토출구앞 || 개당 | 150,000 | 장애물이 있어 토출 방향을 바꿔주어야 하는 경우 현장별 맞춤 제작 |||| 실외기 바람막이 설치 | 대담 | 40,000 | 실외기에서 나오는 바람을 막는 장치 (건축물의 설비 규칙) ''* 실외기 토출 바람이 보행자에게 직접적으로 닿는 경우를 방지하기 위함 ||| 전원선 | 2.5SQ | M당 | 6,000 | 실내기에서 배전반 또는 |||| 4SQ | M당 | 10,000 | 실외기에서 배전반까지 전원선 구축 비용 |||| 650 | M당 | 11,000|| || 냉매가스 주입 | R-410 | 0.1kg | 2,200 | 냉매 가스 부족으로 인해 충전시 발생되는 비용 ''* 전자저울을 이용하여 가스 주입 전과 주입 후의 사용량 기준 ||| 설치대 內 실외기 설치 (2층 이상) | 설치 | 대딩 | 30,000 | 설치대 : 아파트 베란다 난간에 있는 실외기 전용 설치공간 (실외기 넘김은 불가) |||| 철거 대당 ''* 옥상은 안전벨트| 철거 | 대딩 | 10,000 착용 후 신체가 난간 외부로 노출, 작업 시 적용 || 배관추가 (냉매포함) || 6, 8평(6.35 + 9.52)|| || 10, 13평(6.35 + 12.7) 15,18,23평 (6.35 +15.88) 25,28,30,36,40평 (9.52 +15.88) | 개당 | 20,000 22,000 24,000 26,000 15M 초과시 || 대당 대당 대딩 || 기본 제공되는 배관 外 재설치 or 연장 필요 시 ''* 추가 배관단가 內 냉매, 전원선, 통신선, 보온재 등 포함 || 배관 || 배관용접 | 개소 | 3,000 | 배관과 배관의 연결을 위한 용접비 |||| 특수배관(주름관) | M당 | 24,000 | 관로 굴곡이 심하여 일반 배관으로는 작업이 불가한 경우 유연한 특수배관 사용하여 설치 |||| 실외기 배관커버 | M당 | 35,000 | 실외기실 배관 인테리어 마감 |||| 선배관작업 | 대당 | 100,000 | 고객 사정으로 선배관만 매립하는 경우, 미리 방문하여 제품을 제외한 에어컨 배관 선시공 ''* 싱글형 에어컨은 선배관작업 해당사항 없음 |||| 선배관 작업 시 천장 내부 철거 | 대당 | 50,000 | 선배관 작업을 위해 설치팀이 직접 천정 내부 배관 라인 목재, 석고등 철거작업 진행시 ''* 통상 선배관 작업 전 인테리어 업체에서 천장 철거작업 진행 || 제어기 || 외장형 Wi-Fi Kit | 대당 | 100,000 | 외장형 Wi-Fi 추가설치 요청 시 작업비 ''* 제품 구매시 Wi-Fi 옵션 선택시 설치비 무상이며, 제어기''_유선리모컨 /외장형 Wi-Fi kit 제품 구입은 별도 || 점검구 || 실내기 점검구 시공 | 개당 | 40,000 | 실내기 제품 수리를 위한 점검공간 확보 작업 ''* 실내기 근처, 450×450 1개소 기준 || | 단내림 KIT | | 개당 | 100,000 | 천장고가 낮아 설치 불가시 단내림 자재를 사용하여 실내기 설치 || 천공(타공) || | 개소 | 15,000 | 실내에서 실외로 배관을 빼거나 실외기와 연결시 벽을 뚫는 작업 ''* 1대기준 3천공 무상, 2대기준 4천공 무상 || 배수펌프 (드레인 호스 별도) | 일반 무소음 | 4m'~6m 8m'~10m 12m'~15m 6m 8m'~10m | 개당 개당 개당 개당 개딩 | 70,000 100,000 130,000 80,000 110,000 | 설치환경에 따라 자연배수가 안될 경우 배수를 돕기 위해 설치 ''* 고객 요청시 무소음 배수펌프 시공 (KC 인증 및 제품명에 '무소음'으로 표기된 제품에 한하여 설치 가능 || 드레인 호스 추가 || 일본 | M당 | 5,000 | 재설치 or 추가 필요시 || 사다리차 사용 || | 회당 | 신규 구매고객 무상 | 엘리베이터 사용이 불가한 2층 이상의 건물 또는 출입구로 운반이 불가한 경우 ''* 재설치 및 등외급 제품 설치시 유상 || 사용중인 제품 철거 || 시스템에어컨 | 실내기 | 100,000 | 기존에 사용하던 제품 철거시 작업비(동일 위치 교체시라도 비용 발생) |||| 스탠드형 | 실내기 | 40,000 | 아래 조건 모두 충족시 무상 철거 서비스 제공 (실내기 및 설치대 內 실외기 포함) |||| 벽걸이형 | 실내기 | 20,000 | ''* 동일 위치 (같은 방의 같은 자리)에 동일 제품(벽걸이/스탠드) 교체, 설치하는 경우 ''* 철거한 제품을 설치기사가 회수 /폐기하는 경우(고객 보관시 유상) ''* 11.0KW 이상은 견적 후 고객 합의 |적용기간 : '25년 1월 '~|||| - | - || '25年 시스템 에어컨 추가 설치비 운영기준 ||| 실외기 실내 받침대 | '실외기를 실내에 시공할 때 설치장소(실외기실, 베란다 등)의 환기구가 실외기 통풍구 보다 높아 공기순환(열교환)이 원활하지 않을 경우 냉방효율 증대를 위해 실외기를 높이고자 사용함 ''* 2단 받침대는 기존 설치된 실외기 혹은 장애물이 있어 추가 받침대가 필요한 경우 설치 || 맞춤제작 에어가이드 | 실외기 공기순환이 원활하지 않을 경우, 실외기 토출구앞 장애물이 있어 토출 방향을 바꿔주어야 하는 경우 현장별 맞춤 제작하여 설치 || 실외기 바람막이 설치 | 실외기에서 나오는 바람을 막는 장치 (건축물의 설비 규칙) 실외기 토출 바람이 보행자에게 직접적으로 닿는 경우를 방지하기 위함 || 전원선 | 실내기에서 배전반 또는 실외기에서 배전반까지 전원선 구축 비용 (냉방 용량별 규격에 맞게 전원선 사용) || 냉매가스 주입 | 냉매 가스 부족으로 인해 충전시 발생되는 비용 ''* 전자저울을 이용하여 가스 주입 전과 주입 후의 사용량 기준으로 고객에게 청구 || 설치대內 실외기 설치 or 철거 (2층이상) | 베란다 외벽 난간에 있는 실외기 전용 설치공간(설치대)에 설치 or 철거 시 발생되는 작업비 ''* 앵글설치비 적용 시 청구 불가, 배달설치 환불주문 시 철거비 청구 불가 ''* 옥상은 안전벨트 착용후 신체가 난간 외부로 노출, 작업시 적용 || 거주중 보양 | 거주 중 시스템에어컨 설치 시, 골판지 및 비닐 등의 보양재를 사용하여 바닥 및 가구, 가전제품 등 집기류 보호하는 작업 || 배관추가 (냉매 포함) | 기본 제공되는 배관 外 재설치 or 연장 필요 시 작업비 ''* 추가배관 연결시 반드시 냉매 추가 주입 실시 ''* 추가 배관단가 內 냉매, 전원선, 통신선, 보온재 등 포함 || 배관 용접 | 배관과 배관의 연결을 위한 용접비 || 선배관 작업 | 고객 사정으로 선배관만 매립하는 경우, 미리 방문하여 제품을 제외한 에어컨 배관 선시공 || 외장형 Wi-Fi Kit | 외장형 Wi-Fi 추가설치 요청 시 작업비 ''* 구매시 Wi-Fi 옵션 선택시 설치비 무상 (제어기''_유선리모컨/외장형 Wi-Fi kit 구입은 별도) || 실내기 점검구 시공 | 실내기 제품 수리를 위한 점검공간 확보 작업 ''* 실내기 근처, 450×450 1개소 기준 || 단내림 KIT | 천장고가 낮아 설치 불가시 단내림 자재를 사용하여 실내기 설치하는 작업 || 천공(타공) | 실내에서 실외로 배관을 빼거나, 실외기와 연결시 벽을 뚫는 작업 || 배수펌프 (드레인 호스 별도) | 설치환경에 따라 자연배수가 안될 경우 배수를 돕기 위해 설치하는 작업비 || 드레인 호스 추가 | 기본 제공되는 드레인 호스 外 재설치 or 연장 필요 시 작업비 || 사용중인 제품 철거 | 설치위치와 동일위치가 아닌 다른 위치에 있는 에어컨 철거를 요청한 경우 발생 비용 |'- [전기공사법 제8장 42조] 전기공사 미자격자 시공시 1년이하 징역 또는 1천만원이하 벌금형
제품 	 중대형 에어컨 FAQ \_ 추가 설치비 운영 기준 	## 중대형 에어컨 FAQ _ 추가 설치비 운영 기준| 25年 중대형 에어컨(냉/난방기) 추가설치비 운영기준 ||||||| | 알루미늄 | 8.3kw 이하 8.3kw 초과 | 개당 개당 | 130,000 견적후 합의 | 설치비 + 자재비 기준 ( 자재구비 단순설치 또는 재작업시 : 70,000원 ) ||| 스텐 | 全kw | 개당 | 180,000 | ''* 주의사항 : 설치 전 고객안내 || - | - | - | - | - | - || 설치대 內 실외기 설치 or 철거 (2층 이상) || 설치 | 대딩 | 30,000 | 설치대 : 아파트 베란다 난간 에 있는 실외기 전용설치공간 ''* 옥상은 안전밸트 착용후 신체가 난간 외부로 노출, 작업시 적용 |||| | | | ''* 앵글 설치비용 적용 시 |||| 철거 | 대딩 | 10,000 | 청구 불가 ''* 배달설치 환불주문 시 철거비 청구 불가 ||| 실외기 고정 | 실외기 받침대 | 개당 | 견적 후 합의 | 설치전 고객 안내 |||| 고정 작업 (컷팅반도) | 대딩 | 5,000 | 실외기 낙하 및 전도가 우려 되는 환경에서 컷팅반도로 실외기와 외벽/난간대 2개소 이상 고정작업 실시 || 전원선 (실외기'~분전반) || 2.5sq 이하 | M 당 | 6,000 | HO7RN-F 이상 사용 |||| 4sq | M 당 | 10,000 | (CV, HIV 전선허용) |||| ''* VCTF 사용불가 || 6sq | M 딩 | 11,000| 배관추가 (동관) ''* 냉매포함 | | 6.0kw 이하 | M 당 | 22,000 | 설치비+자재비(전원선,통신 선, 보온재, 냉매 등) 포함 기준 (기본 1m미만 : 10,000원) ||||||| | | | | 7,2kw | M 5 | 24,000 | ''* 추가배관 작업시 반드시 |||| | | | 냉매주입 ||| 냉방용량 (kW | 8.3kw '~14.5kw | M 당 | 26,000 | ''* HO7RN-F 의 경우 CD관을 미사용해도 되나, 특수 환경 ||||| | | 의 파손및 손상이 우려 시 ||| | 21.0kw 이상 | M 당 | 견적 후 합의 | CD관 사용 (CD관 추가비용 은 견적후 합의) ||| | 특수관 (주름배관) | M 당 | 24,000 | 실내/외기와 배관 연결시 장소가 협소하여 일반배관 사용 불가시 주름배관 사용 || 배관용접 | 냉방용량 (kW) | 14.5kw 이하 21.0kw 이상 | | 3,000 | 용접 포인트별 적용 (멀티매립 ||||| 개소 || : 8개, RAC 배관 연장 : 2 개) |||||| 견적 후 합의 | ''* 21.0kw 이상 직관은 동소켓 사용 || 선매립 배관 세척작업 || 홈멀티 | 실내 기 | 100,000 | 매립배관內 이물질(수분, 오일 |||| 等) 제거를 위해 배관 세척| 단품 | 실내 기 | 50,000 하는 필수 작업 |||| 냉매가스 주입 | | R-410 | 0.1k | 2,200 | 냉매 가스 부족으로 인해 충전시 발생되는 비용 || R-32 | 0.1k | 4,000 | ''* 전자저울을 이용하여 가스 주입 전과 주입 후의 사용량 기준 || | 천공(타공) | | 개소 | 15,000 | 실내기 1대 2천공 무상/ 홈멀티 이상일 경우, 3천공 무상 || 배수펌프 (드레인 호스 별도) | | 4m'~6m | 개딩 | 70,000 | 설치환경에 따라 자연배수가 ||| 일반 | 8m'~10m | 개딩 | 100,000 | 안될 경우 배수를 돕기 위해 설치 ''* 고객 요청시 ||| | 12m'~15m | 개딩 | 130,000 | 무소음 배수펌프 시공 (KC 인증 및 제품명에 ||| 무소음 | 6m | 개딩 | 80,000 | '무소음'으로 표기된 ||| | 8m'~10m | 개딩 | 110,000 | 제품에 한하여 설치 가능) || | 몰딩 추가 | | | 실비 | 기본자재 外 추가자재 ||| 실외기 바람막이 설치 | | 개딩 | 40,000 | || 사다리차 사용 || | 회당 | 신규 구매고객 무상 | 엘리베이터 사용이 불가한 2층 이상의 건물 또는 출입구로 운반이 불가한 경우 ''* 재설치 및 등외급 제품 설치시 유상 ||| 드레인 호스 추가 | 일반 | M딩 | 4,000 | 실내기에서 발생되는 응축수 를 외부로 배출하기 위한 자재 ||| | 선매립 | 개당 | 4,000 | ''* 신제품은 기본배관 자재 內 드레인 호스 포함 ||| 사용중인 제품 철거시 | | | | 아래 조건 모두 충족시 |||| 벽걸이형 | 실내 기 | 20,000 | 무상 철거 서비스 제공 (실내기 및 설치대 內 실외기 포함) ''* 동일 위치 (같은 방의 같은 자리)에 동일 제품(벽걸이/스탠드) 교체, 설치하는 경우 ||| | 스탠드형 | 실내 기 | 40,000 | ''* 철거한 제품을 설치기사가 회수 /폐기하는 경우(고객 보관시 유상) ''* 11.0KW 이상은 견적 후 고객 합의 |※ 상기 추가설치비는 설치환경에 따라 기본 설치비 外 별도로 발생 할 수 있습니다.추가설치비는 기본 설치비 外 추가 작업으로 인한 인건비 및 재료비이며 소비자 부담입니다. (VAT 포함단가)※ 상기 外 항목의 추가설치비는 고객님과 설치팀간 사전 협의하여 결정 할 수 있습니다.※ 추가설치비 영수증은 신제품은 해당 설치팀, 재설치/이전설치는 삼성전자판매 명의로 발행됩니다.※ 주의사항:1'. 공동주택 외벽 앵글설치는 사전에 관리사무소에 동의를 받아야 됨을 고객에게 설명하고 설치 동의를 구한 후 설치 함 (공동주택 : 아파트, 빌라, 오피스텔 등)2'. 전원공사는 전문 전기업체 시공 (전기공사 자격이 없는 인력은 전기공사 절대 불가)25年 중대형 에어컨(냉/난방기) 추가설치비 운영기준| 앵글 | 베란다 난간에 있는 실외기 전용 설치공간에 설치대가 없거나, 외벽에 설치해야 할 경우 별도로 제작시 발생되는 작업비 (알루미늄, 스텐 中 선택 가능) || - | - || 설치대內 실외기 설치 or 철거 (2층이상) | 베란다 외벽 난간에 있는 실외기 전용 설치공간(설치대)에 설치 or 철거 시 발생되는 작업비 ''* 앵글설치비 적용 시 청구 불가, 배달설치 환불주문 시 철거비 청구 불가 ''* 옥상은 안전밸트 착용후 신체가 난간 외부로 노출, 작업시 적용 || 실외기 받침대 | 바닥침수 위험 및 제품의 기능 장애 발생 우려시 고객 합의후 실외기 받침대 설치 || 실외기 고정(컷팅 반도) | 실외기 낙하 및 전도가 우려되는 환경에서 컷팅반도로 실외기와 외벽/난간대를 2개소 이상 고정하는 작업비 || 전원선 (실외기'~분전반) | 제품의 전원 공급을 위해 실외기에서 분전반까지의 전원선 작업비 (냉방 용량별 규격에 맞게 전원선 사용) ''* 전기공사(분전반 승압공사 등)는 전기 업체에서 시공 || 배관추가 (냉매 포함) | 기본 제공되는 배관 外 재설치 or 연장 필요 시 작업비 ''* 추가배관 연결시 반드시 냉매 추가 주입 실시 ''* 추가 배관단가 內 냉매, 전원선, 통신선, 보온재 등 포함 ''* 중대형(냉/난방기) 기준이며, 시스템에어컨 배관 연장 시 견적 후 고객 합의 || 배관 용접 | 배관과 배관의 연결을 위한 용접비 || 선매립 배관 세척 작업 | 선매립 배관 內 이물질 및 수분 제거를 위해 배관 세척하는 필수 작업 ''* 대상 : 모든 선매립 배관 환경 ''* 고객 사전 안내 후 작업 거부 시 확인 동의서 작성 || 냉매가스 주입 | 냉매 가스 부족으로 인해 충전시 발생되는 비용 ''* 전자저울을 이용하여 가스 주입 전과 주입 후의 사용량 기준으로 고객에게 청구 || 천공(타공) | 실내에서 실외로 배관을 빼거나, 실외기와 연결시 벽을 뚫는 작업 || 배수펌프 (드레인 호스 별도) | 설치환경에 따라 자연배수가 안될 경우 배수를 돕기 위해 설치하는 작업비 || 드레인 호스 추가 | 기본 제공되는 드레인 호스 外 재설치 or 연장 필요 시 작업비 || 소음저감 Kit | 매립된 배관과 제품 연결배관의 관경차이로 인한 소음발생을 방지하는 작업 || 실외기 배수 Kit | 실외기 서비스밸브에서 발생되는 결로를 배수호수를 통해 배수토록 해주는 작업 ''* 베란다, 발코니 등 가옥 內 실외기 설치 시 권장 || 실외기 바람막이 설치 (건축물의 설비 규칙) | 실외기에서 나오는 바람을 막는 장치 ''* 실외에 설치시 행인에게 실외기 바람이 영향을 끼칠 수 있음 (설치 높이 2m이하인 경우) || 사용중인 제품 철거 | 설치위치와 동일위치가 아닌 다른 위치에 있는 에어컨 철거를 요청한 경우 발생 비용 |'- [전기공사법 제8장 42조] 전기공사 미자격자 시공시 1년이하 징역 또는 1천만원이하 벌금형
